"Date","Source","Site ID","POC","Daily Mean PM10 Concentration","UNITS","DAILY_AQI_VALUE","Site Name","DAILY_OBS_COUNT","PERCENT_COMPLETE","AQS_PARAMETER_CODE","AQS_PARAMETER_DESC","CBSA_CODE","CBSA_NAME","STATE_CODE","STATE","COUNTY_CODE","COUNTY","SITE_LATITUDE","SITE_LONGITUDE"
"01/01/2008","AQS","340011006","1","13","ug/m3 SC","12","Atlantic City","1","100.0000","81102","PM10 Total 0-10um STP","12100","Atlantic City-Hammonton, NJ","34","New Jersey","001","Atlantic","39.36326","-74.431"
"01/07/2008","AQS","340011006","1","17","ug/m3 SC","16","Atlantic City","1","100.0000","81102","PM10 Total 0-10um STP","12100","Atlantic City-Hammonton, NJ","34","New Jersey","001","Atlantic","39.36326","-74.431"
"01/13/2008","AQS","340011006","1","12","ug/m3 SC","11","Atlantic City","1","100.0000","81102","PM10 Total 0-10um STP","12100","Atlantic City-Hammonton, NJ","34","New Jersey","001","Atlantic","39.36326","-74.431"
"01/19/2008","AQS","340011006","1","12","ug/m3 SC","11","Atlantic City","1","100.0000","81102","PM10 Total 0-10um STP","12100","Atlantic City-Hammonton, NJ","34","New Jersey","001","Atlantic","39.36326","-74.431"
"01/25/2008","AQS","340011006","1","17","ug/m3 SC","16","Atlantic City","1","100.0000","81102","PM10 Total 0-10um STP","12100","Atlantic City-Hammonton, NJ","34","New Jersey","001","Atlantic","39.36326","-74.431"
"01/31/2008","AQS","340011006","1","13","ug/m3 SC","12","Atlantic City","1","100.0000","81102","PM10 Total 0-10um STP","12100","Atlantic City-Hammonton, NJ","34","New Jersey","001","Atlantic","39.36326","-74.431"
"02/06/2008","AQS","340011006","1","24","ug/m3 SC","22","Atlantic City","1","100.0000","81102","PM10 Total 0-10um STP","12100","Atlantic City-Hammonton, NJ","34","New Jersey","001","Atlantic","39.36326","-74.431"
"02/12/2008","AQS","340011006","1","8","ug/m3 SC","7","Atlantic City","1","100.0000","81102","PM10 Total 0-10um STP","12100","Atlantic City-Hammonton, NJ","34","New Jersey","001","Atlantic","39.36326","-74.431"
"02/18/2008","AQS","340011006","1","10","ug/m3 SC","9","Atlantic City","1","100.0000","81102","PM10 Total 0-10um STP","12100","Atlantic City-Hammonton, NJ","34","New Jersey","001","Atlantic","39.36326","-74.431"
"02/24/2008","AQS","340011006","1","14","ug/m3 SC","13","Atlantic City","1","100.0000","81102","PM10 Total 0-10um STP","12100","Atlantic City-Hammonton, NJ","34","New Jersey","001","Atlantic","39.36326","-74.431"
"03/01/2008","AQS","340011006","1","15","ug/m3 SC","14","Atlantic City","1","100.0000","81102","PM10 Total 0-10um STP","12100","Atlantic City-Hammonton, NJ","34","New Jersey","001","Atlantic","39.36326","-74.431"
"03/13/2008","AQS","340011006","1","19","ug/m3 SC","18","Atlantic City","1","100.0000","81102","PM10 Total 0-10um STP","12100","Atlantic City-Hammonton, NJ","34","New Jersey","001","Atlantic","39.36326","-74.431"
"03/25/2008","AQS","340011006","1","38","ug/m3 SC","35","Atlantic City","1","100.0000","81102","PM10 Total 0-10um STP","12100","Atlantic City-Hammonton, NJ","34","New Jersey","001","Atlantic","39.36326","-74.431"
"03/31/2008","AQS","340011006","1","25","ug/m3 SC","23","Atlantic City","1","100.0000","81102","PM10 Total 0-10um STP","12100","Atlantic City-Hammonton, NJ","34","New Jersey","001","Atlantic","39.36326","-74.431"
"04/06/2008","AQS","340011006","1","14","ug/m3 SC","13","Atlantic City","1","100.0000","81102","PM10 Total 0-10um STP","12100","Atlantic City-Hammonton, NJ","34","New Jersey","001","Atlantic","39.36326","-74.431"
"04/18/2008","AQS","340011006","1","46","ug/m3 SC","43","Atlantic City","1","100.0000","81102","PM10 Total 0-10um STP","12100","Atlantic City-Hammonton, NJ","34","New Jersey","001","Atlantic","39.36326","-74.431"
"04/24/2008","AQS","340011006","1","39","ug/m3 SC","36","Atlantic City","1","100.0000","81102","PM10 Total 0-10um STP","12100","Atlantic City-Hammonton, NJ","34","New Jersey","001","Atlantic","39.36326","-74.431"
"04/30/2008","AQS","340011006","1","28","ug/m3 SC","26","Atlantic City","1","100.0000","81102","PM10 Total 0-10um STP","12100","Atlantic City-Hammonton, NJ","34","New Jersey","001","Atlantic","39.36326","-74.431"
"05/06/2008","AQS","340011006","1","33","ug/m3 SC","31","Atlantic City","1","100.0000","81102","PM10 Total 0-10um STP","12100","Atlantic City-Hammonton, NJ","34","New Jersey","001","Atlantic","39.36326","-74.431"
"06/05/2008","AQS","340011006","1","21","ug/m3 SC","19","Atlantic City","1","100.0000","81102","PM10 Total 0-10um STP","12100","Atlantic City-Hammonton, NJ","34","New Jersey","001","Atlantic","39.36326","-74.431"
"06/11/2008","AQS","340011006","1","34","ug/m3 SC","31","Atlantic City","1","100.0000","81102","PM10 Total 0-10um STP","12100","Atlantic City-Hammonton, NJ","34","New Jersey","001","Atlantic","39.36326","-74.431"
"06/17/2008","AQS","340011006","1","25","ug/m3 SC","23","Atlantic City","1","100.0000","81102","PM10 Total 0-10um STP","12100","Atlantic City-Hammonton, NJ","34","New Jersey","001","Atlantic","39.36326","-74.431"
"06/23/2008","AQS","340011006","1","41","ug/m3 SC","38","Atlantic City","1","100.0000","81102","PM10 Total 0-10um STP","12100","Atlantic City-Hammonton, NJ","34","New Jersey","001","Atlantic","39.36326","-74.431"
"06/29/2008","AQS","340011006","1","60","ug/m3 SC","53","Atlantic City","1","100.0000","81102","PM10 Total 0-10um STP","12100","Atlantic City-Hammonton, NJ","34","New Jersey","001","Atlantic","39.36326","-74.431"
"07/05/2008","AQS","340011006","1","42","ug/m3 SC","39","Atlantic City","1","100.0000","81102","PM10 Total 0-10um STP","12100","Atlantic City-Hammonton, NJ","34","New Jersey","001","Atlantic","39.36326","-74.431"
"07/11/2008","AQS","340011006","1","24","ug/m3 SC","22","Atlantic City","1","100.0000","81102","PM10 Total 0-10um STP","12100","Atlantic City-Hammonton, NJ","34","New Jersey","001","Atlantic","39.36326","-74.431"
"07/17/2008","AQS","340011006","1","81","ug/m3 SC","64","Atlantic City","1","100.0000","81102","PM10 Total 0-10um STP","12100","Atlantic City-Hammonton, NJ","34","New Jersey","001","Atlantic","39.36326","-74.431"
"07/23/2008","AQS","340011006","1","37","ug/m3 SC","34","Atlantic City","1","100.0000","81102","PM10 Total 0-10um STP","12100","Atlantic City-Hammonton, NJ","34","New Jersey","001","Atlantic","39.36326","-74.431"
"07/29/2008","AQS","340011006","1","39","ug/m3 SC","36","Atlantic City","1","100.0000","81102","PM10 Total 0-10um STP","12100","Atlantic City-Hammonton, NJ","34","New Jersey","001","Atlantic","39.36326","-74.431"
"08/04/2008","AQS","340011006","1","74","ug/m3 SC","60","Atlantic City","1","100.0000","81102","PM10 Total 0-10um STP","12100","Atlantic City-Hammonton, NJ","34","New Jersey","001","Atlantic","39.36326","-74.431"
"08/16/2008","AQS","340011006","1","14","ug/m3 SC","13","Atlantic City","1","100.0000","81102","PM10 Total 0-10um STP","12100","Atlantic City-Hammonton, NJ","34","New Jersey","001","Atlantic","39.36326","-74.431"
"08/22/2008","AQS","340011006","1","34","ug/m3 SC","31","Atlantic City","1","100.0000","81102","PM10 Total 0-10um STP","12100","Atlantic City-Hammonton, NJ","34","New Jersey","001","Atlantic","39.36326","-74.431"
"08/28/2008","AQS","340011006","1","67","ug/m3 SC","57","Atlantic City","1","100.0000","81102","PM10 Total 0-10um STP","12100","Atlantic City-Hammonton, NJ","34","New Jersey","001","Atlantic","39.36326","-74.431"
"09/03/2008","AQS","340011006","1","75","ug/m3 SC","61","Atlantic City","1","100.0000","81102","PM10 Total 0-10um STP","12100","Atlantic City-Hammonton, NJ","34","New Jersey","001","Atlantic","39.36326","-74.431"
"09/09/2008","AQS","340011006","1","77","ug/m3 SC","62","Atlantic City","1","100.0000","81102","PM10 Total 0-10um STP","12100","Atlantic City-Hammonton, NJ","34","New Jersey","001","Atlantic","39.36326","-74.431"
"09/15/2008","AQS","340011006","1","79","ug/m3 SC","63","Atlantic City","1","100.0000","81102","PM10 Total 0-10um STP","12100","Atlantic City-Hammonton, NJ","34","New Jersey","001","Atlantic","39.36326","-74.431"
"09/21/2008","AQS","340011006","1","82","ug/m3 SC","64","Atlantic City","1","100.0000","81102","PM10 Total 0-10um STP","12100","Atlantic City-Hammonton, NJ","34","New Jersey","001","Atlantic","39.36326","-74.431"
"09/27/2008","AQS","340011006","1","93","ug/m3 SC","70","Atlantic City","1","100.0000","81102","PM10 Total 0-10um STP","12100","Atlantic City-Hammonton, NJ","34","New Jersey","001","Atlantic","39.36326","-74.431"
"11/26/2008","AQS","340011006","1","8","ug/m3 SC","7","Atlantic City","1","100.0000","81102","PM10 Total 0-10um STP","12100","Atlantic City-Hammonton, NJ","34","New Jersey","001","Atlantic","39.36326","-74.431"
"12/02/2008","AQS","340011006","1","8","ug/m3 SC","7","Atlantic City","1","100.0000","81102","PM10 Total 0-10um STP","12100","Atlantic City-Hammonton, NJ","34","New Jersey","001","Atlantic","39.36326","-74.431"
"12/08/2008","AQS","340011006","1","7","ug/m3 SC","6","Atlantic City","1","100.0000","81102","PM10 Total 0-10um STP","12100","Atlantic City-Hammonton, NJ","34","New Jersey","001","Atlantic","39.36326","-74.431"
"12/14/2008","AQS","340011006","1","11","ug/m3 SC","10","Atlantic City","1","100.0000","81102","PM10 Total 0-10um STP","12100","Atlantic City-Hammonton, NJ","34","New Jersey","001","Atlantic","39.36326","-74.431"
"12/20/2008","AQS","340011006","1","10","ug/m3 SC","9","Atlantic City","1","100.0000","81102","PM10 Total 0-10um STP","12100","Atlantic City-Hammonton, NJ","34","New Jersey","001","Atlantic","39.36326","-74.431"
"12/26/2008","AQS","340011006","1","8","ug/m3 SC","7","Atlantic City","1","100.0000","81102","PM10 Total 0-10um STP","12100","Atlantic City-Hammonton, NJ","34","New Jersey","001","Atlantic","39.36326","-74.431"
"01/01/2008","AQS","340030004","2","19","ug/m3 SC","18","FORT LEE","1","100.0000","81102","PM10 Total 0-10um STP","35620","New York-Newark-Jersey City, NY-NJ-PA","34","New Jersey","003","Bergen","40.854583","-73.967772"
"01/07/2008","AQS","340030004","2","48","ug/m3 SC","44","FORT LEE","1","100.0000","81102","PM10 Total 0-10um STP","35620","New York-Newark-Jersey City, NY-NJ-PA","34","New Jersey","003","Bergen","40.854583","-73.967772"
"01/19/2008","AQS","340030004","2","17","ug/m3 SC","16","FORT LEE","1","100.0000","81102","PM10 Total 0-10um STP","35620","New York-Newark-Jersey City, NY-NJ-PA","34","New Jersey","003","Bergen","40.854583","-73.967772"
"01/25/2008","AQS","340030004","2","24","ug/m3 SC","22","FORT LEE","1","100.0000","81102","PM10 Total 0-10um STP","35620","New York-Newark-Jersey City, NY-NJ-PA","34","New Jersey","003","Bergen","40.854583","-73.967772"
"01/31/2008","AQS","340030004","2","26","ug/m3 SC","24","FORT LEE","1","100.0000","81102","PM10 Total 0-10um STP","35620","New York-Newark-Jersey City, NY-NJ-PA","34","New Jersey","003","Bergen","40.854583","-73.967772"
"02/06/2008","AQS","340030004","2","37","ug/m3 SC","34","FORT LEE","1","100.0000","81102","PM10 Total 0-10um STP","35620","New York-Newark-Jersey City, NY-NJ-PA","34","New Jersey","003","Bergen","40.854583","-73.967772"
"02/12/2008","AQS","340030004","2","34","ug/m3 SC","31","FORT LEE","1","100.0000","81102","PM10 Total 0-10um STP","35620","New York-Newark-Jersey City, NY-NJ-PA","34","New Jersey","003","Bergen","40.854583","-73.967772"
"02/18/2008","AQS","340030004","2","14","ug/m3 SC","13","FORT LEE","1","100.0000","81102","PM10 Total 0-10um STP","35620","New York-Newark-Jersey City, NY-NJ-PA","34","New Jersey","003","Bergen","40.854583","-73.967772"
"02/24/2008","AQS","340030004","2","32","ug/m3 SC","30","FORT LEE","1","100.0000","81102","PM10 Total 0-10um STP","35620","New York-Newark-Jersey City, NY-NJ-PA","34","New Jersey","003","Bergen","40.854583","-73.967772"
"03/01/2008","AQS","340030004","2","20","ug/m3 SC","19","FORT LEE","1","100.0000","81102","PM10 Total 0-10um STP","35620","New York-Newark-Jersey City, NY-NJ-PA","34","New Jersey","003","Bergen","40.854583","-73.967772"
"03/07/2008","AQS","340030004","2","45","ug/m3 SC","42","FORT LEE","1","100.0000","81102","PM10 Total 0-10um STP","35620","New York-Newark-Jersey City, NY-NJ-PA","34","New Jersey","003","Bergen","40.854583","-73.967772"
"03/13/2008","AQS","340030004","2","31","ug/m3 SC","29","FORT LEE","1","100.0000","81102","PM10 Total 0-10um STP","35620","New York-Newark-Jersey City, NY-NJ-PA","34","New Jersey","003","Bergen","40.854583","-73.967772"
"03/19/2008","AQS","340030004","2","43","ug/m3 SC","40","FORT LEE","1","100.0000","81102","PM10 Total 0-10um STP","35620","New York-Newark-Jersey City, NY-NJ-PA","34","New Jersey","003","Bergen","40.854583","-73.967772"
"03/25/2008","AQS","340030004","2","31","ug/m3 SC","29","FORT LEE","1","100.0000","81102","PM10 Total 0-10um STP","35620","New York-Newark-Jersey City, NY-NJ-PA","34","New Jersey","003","Bergen","40.854583","-73.967772"
"03/31/2008","AQS","340030004","2","32","ug/m3 SC","30","FORT LEE","1","100.0000","81102","PM10 Total 0-10um STP","35620","New York-Newark-Jersey City, NY-NJ-PA","34","New Jersey","003","Bergen","40.854583","-73.967772"
"04/06/2008","AQS","340030004","2","14","ug/m3 SC","13","FORT LEE","1","100.0000","81102","PM10 Total 0-10um STP","35620","New York-Newark-Jersey City, NY-NJ-PA","34","New Jersey","003","Bergen","40.854583","-73.967772"
"04/12/2008","AQS","340030004","2","36","ug/m3 SC","33","FORT LEE","1","100.0000","81102","PM10 Total 0-10um STP","35620","New York-Newark-Jersey City, NY-NJ-PA","34","New Jersey","003","Bergen","40.854583","-73.967772"
"04/18/2008","AQS","340030004","2","69","ug/m3 SC","58","FORT LEE","1","100.0000","81102","PM10 Total 0-10um STP","35620","New York-Newark-Jersey City, NY-NJ-PA","34","New Jersey","003","Bergen","40.854583","-73.967772"
"04/24/2008","AQS","340030004","2","64","ug/m3 SC","55","FORT LEE","1","100.0000","81102","PM10 Total 0-10um STP","35620","New York-Newark-Jersey City, NY-NJ-PA","34","New Jersey","003","Bergen","40.854583","-73.967772"
"04/30/2008","AQS","340030004","2","31","ug/m3 SC","29","FORT LEE","1","100.0000","81102","PM10 Total 0-10um STP","35620","New York-Newark-Jersey City, NY-NJ-PA","34","New Jersey","003","Bergen","40.854583","-73.967772"
"05/06/2008","AQS","340030004","2","59","ug/m3 SC","53","FORT LEE","1","100.0000","81102","PM10 Total 0-10um STP","35620","New York-Newark-Jersey City, NY-NJ-PA","34","New Jersey","003","Bergen","40.854583","-73.967772"
"05/12/2008","AQS","340030004","2","41","ug/m3 SC","38","FORT LEE","1","100.0000","81102","PM10 Total 0-10um STP","35620","New York-Newark-Jersey City, NY-NJ-PA","34","New Jersey","003","Bergen","40.854583","-73.967772"
"05/18/2008","AQS","340030004","2","23","ug/m3 SC","21","FORT LEE","1","100.0000","81102","PM10 Total 0-10um STP","35620","New York-Newark-Jersey City, NY-NJ-PA","34","New Jersey","003","Bergen","40.854583","-73.967772"
"05/24/2008","AQS","340030004","2","23","ug/m3 SC","21","FORT LEE","1","100.0000","81102","PM10 Total 0-10um STP","35620","New York-Newark-Jersey City, NY-NJ-PA","34","New Jersey","003","Bergen","40.854583","-73.967772"
"05/30/2008","AQS","340030004","2","51","ug/m3 SC","47","FORT LEE","1","100.0000","81102","PM10 Total 0-10um STP","35620","New York-Newark-Jersey City, NY-NJ-PA","34","New Jersey","003","Bergen","40.854583","-73.967772"
"06/05/2008","AQS","340030004","2","34","ug/m3 SC","31","FORT LEE","1","100.0000","81102","PM10 Total 0-10um STP","35620","New York-Newark-Jersey City, NY-NJ-PA","34","New Jersey","003","Bergen","40.854583","-73.967772"
"06/11/2008","AQS","340030004","2","45","ug/m3 SC","42","FORT LEE","1","100.0000","81102","PM10 Total 0-10um STP","35620","New York-Newark-Jersey City, NY-NJ-PA","34","New Jersey","003","Bergen","40.854583","-73.967772"
"06/23/2008","AQS","340030004","2","64","ug/m3 SC","55","FORT LEE","1","100.0000","81102","PM10 Total 0-10um STP","35620","New York-Newark-Jersey City, NY-NJ-PA","34","New Jersey","003","Bergen","40.854583","-73.967772"
"06/29/2008","AQS","340030004","2","63","ug/m3 SC","55","FORT LEE","1","100.0000","81102","PM10 Total 0-10um STP","35620","New York-Newark-Jersey City, NY-NJ-PA","34","New Jersey","003","Bergen","40.854583","-73.967772"
"07/11/2008","AQS","340030004","2","72","ug/m3 SC","59","FORT LEE","1","100.0000","81102","PM10 Total 0-10um STP","35620","New York-Newark-Jersey City, NY-NJ-PA","34","New Jersey","003","Bergen","40.854583","-73.967772"
"07/17/2008","AQS","340030004","2","86","ug/m3 SC","66","FORT LEE","1","100.0000","81102","PM10 Total 0-10um STP","35620","New York-Newark-Jersey City, NY-NJ-PA","34","New Jersey","003","Bergen","40.854583","-73.967772"
"07/23/2008","AQS","340030004","2","56","ug/m3 SC","51","FORT LEE","1","100.0000","81102","PM10 Total 0-10um STP","35620","New York-Newark-Jersey City, NY-NJ-PA","34","New Jersey","003","Bergen","40.854583","-73.967772"
"07/29/2008","AQS","340030004","2","82","ug/m3 SC","64","FORT LEE","1","100.0000","81102","PM10 Total 0-10um STP","35620","New York-Newark-Jersey City, NY-NJ-PA","34","New Jersey","003","Bergen","40.854583","-73.967772"
"08/04/2008","AQS","340030004","2","43","ug/m3 SC","40","FORT LEE","1","100.0000","81102","PM10 Total 0-10um STP","35620","New York-Newark-Jersey City, NY-NJ-PA","34","New Jersey","003","Bergen","40.854583","-73.967772"
"08/10/2008","AQS","340030004","2","56","ug/m3 SC","51","FORT LEE","1","100.0000","81102","PM10 Total 0-10um STP","35620","New York-Newark-Jersey City, NY-NJ-PA","34","New Jersey","003","Bergen","40.854583","-73.967772"
"08/16/2008","AQS","340030004","2","33","ug/m3 SC","31","FORT LEE","1","100.0000","81102","PM10 Total 0-10um STP","35620","New York-Newark-Jersey City, NY-NJ-PA","34","New Jersey","003","Bergen","40.854583","-73.967772"
"08/22/2008","AQS","340030004","2","40","ug/m3 SC","37","FORT LEE","1","100.0000","81102","PM10 Total 0-10um STP","35620","New York-Newark-Jersey City, NY-NJ-PA","34","New Jersey","003","Bergen","40.854583","-73.967772"
"08/28/2008","AQS","340030004","2","46","ug/m3 SC","43","FORT LEE","1","100.0000","81102","PM10 Total 0-10um STP","35620","New York-Newark-Jersey City, NY-NJ-PA","34","New Jersey","003","Bergen","40.854583","-73.967772"
"09/03/2008","AQS","340030004","2","43","ug/m3 SC","40","FORT LEE","1","100.0000","81102","PM10 Total 0-10um STP","35620","New York-Newark-Jersey City, NY-NJ-PA","34","New Jersey","003","Bergen","40.854583","-73.967772"
"09/09/2008","AQS","340030004","2","27","ug/m3 SC","25","FORT LEE","1","100.0000","81102","PM10 Total 0-10um STP","35620","New York-Newark-Jersey City, NY-NJ-PA","34","New Jersey","003","Bergen","40.854583","-73.967772"
"09/15/2008","AQS","340030004","2","25","ug/m3 SC","23","FORT LEE","1","100.0000","81102","PM10 Total 0-10um STP","35620","New York-Newark-Jersey City, NY-NJ-PA","34","New Jersey","003","Bergen","40.854583","-73.967772"
"09/21/2008","AQS","340030004","2","36","ug/m3 SC","33","FORT LEE","1","100.0000","81102","PM10 Total 0-10um STP","35620","New York-Newark-Jersey City, NY-NJ-PA","34","New Jersey","003","Bergen","40.854583","-73.967772"
"09/27/2008","AQS","340030004","2","30","ug/m3 SC","28","FORT LEE","1","100.0000","81102","PM10 Total 0-10um STP","35620","New York-Newark-Jersey City, NY-NJ-PA","34","New Jersey","003","Bergen","40.854583","-73.967772"
"10/03/2008","AQS","340030004","2","25","ug/m3 SC","23","FORT LEE","1","100.0000","81102","PM10 Total 0-10um STP","35620","New York-Newark-Jersey City, NY-NJ-PA","34","New Jersey","003","Bergen","40.854583","-73.967772"
"12/02/2008","AQS","340030004","2","16","ug/m3 SC","15","FORT LEE","1","100.0000","81102","PM10 Total 0-10um STP","35620","New York-Newark-Jersey City, NY-NJ-PA","34","New Jersey","003","Bergen","40.854583","-73.967772"
"12/08/2008","AQS","340030004","2","23","ug/m3 SC","21","FORT LEE","1","100.0000","81102","PM10 Total 0-10um STP","35620","New York-Newark-Jersey City, NY-NJ-PA","34","New Jersey","003","Bergen","40.854583","-73.967772"
"12/14/2008","AQS","340030004","2","17","ug/m3 SC","16","FORT LEE","1","100.0000","81102","PM10 Total 0-10um STP","35620","New York-Newark-Jersey City, NY-NJ-PA","34","New Jersey","003","Bergen","40.854583","-73.967772"
"12/23/2008","AQS","340030004","2","9","ug/m3 SC","8","FORT LEE","1","100.0000","81102","PM10 Total 0-10um STP","35620","New York-Newark-Jersey City, NY-NJ-PA","34","New Jersey","003","Bergen","40.854583","-73.967772"
"12/26/2008","AQS","340030004","2","18","ug/m3 SC","17","FORT LEE","1","100.0000","81102","PM10 Total 0-10um STP","35620","New York-Newark-Jersey City, NY-NJ-PA","34","New Jersey","003","Bergen","40.854583","-73.967772"
"01/01/2008","AQS","340070003","2","11","ug/m3 SC","10","CAMDEN LAB","1","100.0000","81102","PM10 Total 0-10um STP","37980","Philadelphia-Camden-Wilmington, PA-NJ-DE-MD","34","New Jersey","007","Camden","39.923042","-75.097617"
"01/07/2008","AQS","340070003","2","30","ug/m3 SC","28","CAMDEN LAB","1","100.0000","81102","PM10 Total 0-10um STP","37980","Philadelphia-Camden-Wilmington, PA-NJ-DE-MD","34","New Jersey","007","Camden","39.923042","-75.097617"
"01/13/2008","AQS","340070003","2","8","ug/m3 SC","7","CAMDEN LAB","1","100.0000","81102","PM10 Total 0-10um STP","37980","Philadelphia-Camden-Wilmington, PA-NJ-DE-MD","34","New Jersey","007","Camden","39.923042","-75.097617"
"01/25/2008","AQS","340070003","2","16","ug/m3 SC","15","CAMDEN LAB","1","100.0000","81102","PM10 Total 0-10um STP","37980","Philadelphia-Camden-Wilmington, PA-NJ-DE-MD","34","New Jersey","007","Camden","39.923042","-75.097617"
"01/31/2008","AQS","340070003","2","12","ug/m3 SC","11","CAMDEN LAB","1","100.0000","81102","PM10 Total 0-10um STP","37980","Philadelphia-Camden-Wilmington, PA-NJ-DE-MD","34","New Jersey","007","Camden","39.923042","-75.097617"
"02/06/2008","AQS","340070003","2","24","ug/m3 SC","22","CAMDEN LAB","1","100.0000","81102","PM10 Total 0-10um STP","37980","Philadelphia-Camden-Wilmington, PA-NJ-DE-MD","34","New Jersey","007","Camden","39.923042","-75.097617"
"02/12/2008","AQS","340070003","2","17","ug/m3 SC","16","CAMDEN LAB","1","100.0000","81102","PM10 Total 0-10um STP","37980","Philadelphia-Camden-Wilmington, PA-NJ-DE-MD","34","New Jersey","007","Camden","39.923042","-75.097617"
"02/18/2008","AQS","340070003","2","9","ug/m3 SC","8","CAMDEN LAB","1","100.0000","81102","PM10 Total 0-10um STP","37980","Philadelphia-Camden-Wilmington, PA-NJ-DE-MD","34","New Jersey","007","Camden","39.923042","-75.097617"
"02/24/2008","AQS","340070003","2","23","ug/m3 SC","21","CAMDEN LAB","1","100.0000","81102","PM10 Total 0-10um STP","37980","Philadelphia-Camden-Wilmington, PA-NJ-DE-MD","34","New Jersey","007","Camden","39.923042","-75.097617"
"03/01/2008","AQS","340070003","2","15","ug/m3 SC","14","CAMDEN LAB","1","100.0000","81102","PM10 Total 0-10um STP","37980","Philadelphia-Camden-Wilmington, PA-NJ-DE-MD","34","New Jersey","007","Camden","39.923042","-75.097617"
"03/13/2008","AQS","340070003","2","15","ug/m3 SC","14","CAMDEN LAB","1","100.0000","81102","PM10 Total 0-10um STP","37980","Philadelphia-Camden-Wilmington, PA-NJ-DE-MD","34","New Jersey","007","Camden","39.923042","-75.097617"
"03/19/2008","AQS","340070003","2","12","ug/m3 SC","11","CAMDEN LAB","1","100.0000","81102","PM10 Total 0-10um STP","37980","Philadelphia-Camden-Wilmington, PA-NJ-DE-MD","34","New Jersey","007","Camden","39.923042","-75.097617"
"03/25/2008","AQS","340070003","2","14","ug/m3 SC","13","CAMDEN LAB","1","100.0000","81102","PM10 Total 0-10um STP","37980","Philadelphia-Camden-Wilmington, PA-NJ-DE-MD","34","New Jersey","007","Camden","39.923042","-75.097617"
"03/31/2008","AQS","340070003","2","12","ug/m3 SC","11","CAMDEN LAB","1","100.0000","81102","PM10 Total 0-10um STP","37980","Philadelphia-Camden-Wilmington, PA-NJ-DE-MD","34","New Jersey","007","Camden","39.923042","-75.097617"
"04/06/2008","AQS","340070003","2","10","ug/m3 SC","9","CAMDEN LAB","1","100.0000","81102","PM10 Total 0-10um STP","37980","Philadelphia-Camden-Wilmington, PA-NJ-DE-MD","34","New Jersey","007","Camden","39.923042","-75.097617"
"04/12/2008","AQS","340070003","2","19","ug/m3 SC","18","CAMDEN LAB","1","100.0000","81102","PM10 Total 0-10um STP","37980","Philadelphia-Camden-Wilmington, PA-NJ-DE-MD","34","New Jersey","007","Camden","39.923042","-75.097617"
"04/18/2008","AQS","340070003","2","43","ug/m3 SC","40","CAMDEN LAB","1","100.0000","81102","PM10 Total 0-10um STP","37980","Philadelphia-Camden-Wilmington, PA-NJ-DE-MD","34","New Jersey","007","Camden","39.923042","-75.097617"
"04/24/2008","AQS","340070003","2","43","ug/m3 SC","40","CAMDEN LAB","1","100.0000","81102","PM10 Total 0-10um STP","37980","Philadelphia-Camden-Wilmington, PA-NJ-DE-MD","34","New Jersey","007","Camden","39.923042","-75.097617"
"04/30/2008","AQS","340070003","2","23","ug/m3 SC","21","CAMDEN LAB","1","100.0000","81102","PM10 Total 0-10um STP","37980","Philadelphia-Camden-Wilmington, PA-NJ-DE-MD","34","New Jersey","007","Camden","39.923042","-75.097617"
"05/06/2008","AQS","340070003","2","36","ug/m3 SC","33","CAMDEN LAB","1","100.0000","81102","PM10 Total 0-10um STP","37980","Philadelphia-Camden-Wilmington, PA-NJ-DE-MD","34","New Jersey","007","Camden","39.923042","-75.097617"
"05/18/2008","AQS","340070003","2","18","ug/m3 SC","17","CAMDEN LAB","1","100.0000","81102","PM10 Total 0-10um STP","37980","Philadelphia-Camden-Wilmington, PA-NJ-DE-MD","34","New Jersey","007","Camden","39.923042","-75.097617"
"05/30/2008","AQS","340070003","2","37","ug/m3 SC","34","CAMDEN LAB","1","100.0000","81102","PM10 Total 0-10um STP","37980","Philadelphia-Camden-Wilmington, PA-NJ-DE-MD","34","New Jersey","007","Camden","39.923042","-75.097617"
"06/05/2008","AQS","340070003","2","17","ug/m3 SC","16","CAMDEN LAB","1","100.0000","81102","PM10 Total 0-10um STP","37980","Philadelphia-Camden-Wilmington, PA-NJ-DE-MD","34","New Jersey","007","Camden","39.923042","-75.097617"
"06/11/2008","AQS","340070003","2","22","ug/m3 SC","20","CAMDEN LAB","1","100.0000","81102","PM10 Total 0-10um STP","37980","Philadelphia-Camden-Wilmington, PA-NJ-DE-MD","34","New Jersey","007","Camden","39.923042","-75.097617"
"06/23/2008","AQS","340070003","2","39","ug/m3 SC","36","CAMDEN LAB","1","100.0000","81102","PM10 Total 0-10um STP","37980","Philadelphia-Camden-Wilmington, PA-NJ-DE-MD","34","New Jersey","007","Camden","39.923042","-75.097617"
"06/29/2008","AQS","340070003","2","30","ug/m3 SC","28","CAMDEN LAB","1","100.0000","81102","PM10 Total 0-10um STP","37980","Philadelphia-Camden-Wilmington, PA-NJ-DE-MD","34","New Jersey","007","Camden","39.923042","-75.097617"
"07/05/2008","AQS","340070003","2","30","ug/m3 SC","28","CAMDEN LAB","1","100.0000","81102","PM10 Total 0-10um STP","37980","Philadelphia-Camden-Wilmington, PA-NJ-DE-MD","34","New Jersey","007","Camden","39.923042","-75.097617"
"07/11/2008","AQS","340070003","2","27","ug/m3 SC","25","CAMDEN LAB","1","100.0000","81102","PM10 Total 0-10um STP","37980","Philadelphia-Camden-Wilmington, PA-NJ-DE-MD","34","New Jersey","007","Camden","39.923042","-75.097617"
"07/17/2008","AQS","340070003","2","37","ug/m3 SC","34","CAMDEN LAB","1","100.0000","81102","PM10 Total 0-10um STP","37980","Philadelphia-Camden-Wilmington, PA-NJ-DE-MD","34","New Jersey","007","Camden","39.923042","-75.097617"
"07/23/2008","AQS","340070003","2","23","ug/m3 SC","21","CAMDEN LAB","1","100.0000","81102","PM10 Total 0-10um STP","37980","Philadelphia-Camden-Wilmington, PA-NJ-DE-MD","34","New Jersey","007","Camden","39.923042","-75.097617"
"07/29/2008","AQS","340070003","2","50","ug/m3 SC","46","CAMDEN LAB","1","100.0000","81102","PM10 Total 0-10um STP","37980","Philadelphia-Camden-Wilmington, PA-NJ-DE-MD","34","New Jersey","007","Camden","39.923042","-75.097617"
"08/04/2008","AQS","340070003","2","18","ug/m3 SC","17","CAMDEN LAB","1","100.0000","81102","PM10 Total 0-10um STP","37980","Philadelphia-Camden-Wilmington, PA-NJ-DE-MD","34","New Jersey","007","Camden","39.923042","-75.097617"
"08/10/2008","AQS","340070003","2","27","ug/m3 SC","25","CAMDEN LAB","1","100.0000","81102","PM10 Total 0-10um STP","37980","Philadelphia-Camden-Wilmington, PA-NJ-DE-MD","34","New Jersey","007","Camden","39.923042","-75.097617"
"08/22/2008","AQS","340070003","2","19","ug/m3 SC","18","CAMDEN LAB","1","100.0000","81102","PM10 Total 0-10um STP","37980","Philadelphia-Camden-Wilmington, PA-NJ-DE-MD","34","New Jersey","007","Camden","39.923042","-75.097617"
"08/28/2008","AQS","340070003","2","20","ug/m3 SC","19","CAMDEN LAB","1","100.0000","81102","PM10 Total 0-10um STP","37980","Philadelphia-Camden-Wilmington, PA-NJ-DE-MD","34","New Jersey","007","Camden","39.923042","-75.097617"
"09/03/2008","AQS","340070003","2","25","ug/m3 SC","23","CAMDEN LAB","1","100.0000","81102","PM10 Total 0-10um STP","37980","Philadelphia-Camden-Wilmington, PA-NJ-DE-MD","34","New Jersey","007","Camden","39.923042","-75.097617"
"09/09/2008","AQS","340070003","2","23","ug/m3 SC","21","CAMDEN LAB","1","100.0000","81102","PM10 Total 0-10um STP","37980","Philadelphia-Camden-Wilmington, PA-NJ-DE-MD","34","New Jersey","007","Camden","39.923042","-75.097617"
"09/15/2008","AQS","340070003","2","15","ug/m3 SC","14","CAMDEN LAB","1","100.0000","81102","PM10 Total 0-10um STP","37980","Philadelphia-Camden-Wilmington, PA-NJ-DE-MD","34","New Jersey","007","Camden","39.923042","-75.097617"
"09/21/2008","AQS","340070003","2","32","ug/m3 SC","30","CAMDEN LAB","1","100.0000","81102","PM10 Total 0-10um STP","37980","Philadelphia-Camden-Wilmington, PA-NJ-DE-MD","34","New Jersey","007","Camden","39.923042","-75.097617"
"01/01/2008","AQS","340070009","1","15","ug/m3 SC","14","Camden RRF","1","100.0000","81102","PM10 Total 0-10um STP","37980","Philadelphia-Camden-Wilmington, PA-NJ-DE-MD","34","New Jersey","007","Camden","39.912431","-75.116864"
"01/07/2008","AQS","340070009","1","44","ug/m3 SC","41","Camden RRF","1","100.0000","81102","PM10 Total 0-10um STP","37980","Philadelphia-Camden-Wilmington, PA-NJ-DE-MD","34","New Jersey","007","Camden","39.912431","-75.116864"
"01/13/2008","AQS","340070009","1","20","ug/m3 SC","19","Camden RRF","1","100.0000","81102","PM10 Total 0-10um STP","37980","Philadelphia-Camden-Wilmington, PA-NJ-DE-MD","34","New Jersey","007","Camden","39.912431","-75.116864"
"01/19/2008","AQS","340070009","1","24","ug/m3 SC","22","Camden RRF","1","100.0000","81102","PM10 Total 0-10um STP","37980","Philadelphia-Camden-Wilmington, PA-NJ-DE-MD","34","New Jersey","007","Camden","39.912431","-75.116864"
"01/25/2008","AQS","340070009","1","38","ug/m3 SC","35","Camden RRF","1","100.0000","81102","PM10 Total 0-10um STP","37980","Philadelphia-Camden-Wilmington, PA-NJ-DE-MD","34","New Jersey","007","Camden","39.912431","-75.116864"
"01/31/2008","AQS","340070009","1","38","ug/m3 SC","35","Camden RRF","1","100.0000","81102","PM10 Total 0-10um STP","37980","Philadelphia-Camden-Wilmington, PA-NJ-DE-MD","34","New Jersey","007","Camden","39.912431","-75.116864"
"02/06/2008","AQS","340070009","1","24","ug/m3 SC","22","Camden RRF","1","100.0000","81102","PM10 Total 0-10um STP","37980","Philadelphia-Camden-Wilmington, PA-NJ-DE-MD","34","New Jersey","007","Camden","39.912431","-75.116864"
"02/12/2008","AQS","340070009","1","31","ug/m3 SC","29","Camden RRF","1","100.0000","81102","PM10 Total 0-10um STP","37980","Philadelphia-Camden-Wilmington, PA-NJ-DE-MD","34","New Jersey","007","Camden","39.912431","-75.116864"
"02/24/2008","AQS","340070009","1","25","ug/m3 SC","23","Camden RRF","1","100.0000","81102","PM10 Total 0-10um STP","37980","Philadelphia-Camden-Wilmington, PA-NJ-DE-MD","34","New Jersey","007","Camden","39.912431","-75.116864"
"03/07/2008","AQS","340070009","1","23","ug/m3 SC","21","Camden RRF","1","100.0000","81102","PM10 Total 0-10um STP","37980","Philadelphia-Camden-Wilmington, PA-NJ-DE-MD","34","New Jersey","007","Camden","39.912431","-75.116864"
"03/13/2008","AQS","340070009","1","24","ug/m3 SC","22","Camden RRF","1","100.0000","81102","PM10 Total 0-10um STP","37980","Philadelphia-Camden-Wilmington, PA-NJ-DE-MD","34","New Jersey","007","Camden","39.912431","-75.116864"
"03/19/2008","AQS","340070009","1","20","ug/m3 SC","19","Camden RRF","1","100.0000","81102","PM10 Total 0-10um STP","37980","Philadelphia-Camden-Wilmington, PA-NJ-DE-MD","34","New Jersey","007","Camden","39.912431","-75.116864"
"03/25/2008","AQS","340070009","1","25","ug/m3 SC","23","Camden RRF","1","100.0000","81102","PM10 Total 0-10um STP","37980","Philadelphia-Camden-Wilmington, PA-NJ-DE-MD","34","New Jersey","007","Camden","39.912431","-75.116864"
"03/31/2008","AQS","340070009","1","17","ug/m3 SC","16","Camden RRF","1","100.0000","81102","PM10 Total 0-10um STP","37980","Philadelphia-Camden-Wilmington, PA-NJ-DE-MD","34","New Jersey","007","Camden","39.912431","-75.116864"
"04/06/2008","AQS","340070009","1","11","ug/m3 SC","10","Camden RRF","1","100.0000","81102","PM10 Total 0-10um STP","37980","Philadelphia-Camden-Wilmington, PA-NJ-DE-MD","34","New Jersey","007","Camden","39.912431","-75.116864"
"04/12/2008","AQS","340070009","1","19","ug/m3 SC","18","Camden RRF","1","100.0000","81102","PM10 Total 0-10um STP","37980","Philadelphia-Camden-Wilmington, PA-NJ-DE-MD","34","New Jersey","007","Camden","39.912431","-75.116864"
"04/18/2008","AQS","340070009","1","47","ug/m3 SC","44","Camden RRF","1","100.0000","81102","PM10 Total 0-10um STP","37980","Philadelphia-Camden-Wilmington, PA-NJ-DE-MD","34","New Jersey","007","Camden","39.912431","-75.116864"
"04/24/2008","AQS","340070009","1","43","ug/m3 SC","40","Camden RRF","1","100.0000","81102","PM10 Total 0-10um STP","37980","Philadelphia-Camden-Wilmington, PA-NJ-DE-MD","34","New Jersey","007","Camden","39.912431","-75.116864"
"04/30/2008","AQS","340070009","1","36","ug/m3 SC","33","Camden RRF","1","100.0000","81102","PM10 Total 0-10um STP","37980","Philadelphia-Camden-Wilmington, PA-NJ-DE-MD","34","New Jersey","007","Camden","39.912431","-75.116864"
"05/06/2008","AQS","340070009","1","42","ug/m3 SC","39","Camden RRF","1","100.0000","81102","PM10 Total 0-10um STP","37980","Philadelphia-Camden-Wilmington, PA-NJ-DE-MD","34","New Jersey","007","Camden","39.912431","-75.116864"
"05/12/2008","AQS","340070009","1","15","ug/m3 SC","14","Camden RRF","1","100.0000","81102","PM10 Total 0-10um STP","37980","Philadelphia-Camden-Wilmington, PA-NJ-DE-MD","34","New Jersey","007","Camden","39.912431","-75.116864"
"05/18/2008","AQS","340070009","1","21","ug/m3 SC","19","Camden RRF","1","100.0000","81102","PM10 Total 0-10um STP","37980","Philadelphia-Camden-Wilmington, PA-NJ-DE-MD","34","New Jersey","007","Camden","39.912431","-75.116864"
"05/24/2008","AQS","340070009","1","21","ug/m3 SC","19","Camden RRF","1","100.0000","81102","PM10 Total 0-10um STP","37980","Philadelphia-Camden-Wilmington, PA-NJ-DE-MD","34","New Jersey","007","Camden","39.912431","-75.116864"
"05/30/2008","AQS","340070009","1","33","ug/m3 SC","31","Camden RRF","1","100.0000","81102","PM10 Total 0-10um STP","37980","Philadelphia-Camden-Wilmington, PA-NJ-DE-MD","34","New Jersey","007","Camden","39.912431","-75.116864"
"06/05/2008","AQS","340070009","1","23","ug/m3 SC","21","Camden RRF","1","100.0000","81102","PM10 Total 0-10um STP","37980","Philadelphia-Camden-Wilmington, PA-NJ-DE-MD","34","New Jersey","007","Camden","39.912431","-75.116864"
"06/11/2008","AQS","340070009","1","35","ug/m3 SC","32","Camden RRF","1","100.0000","81102","PM10 Total 0-10um STP","37980","Philadelphia-Camden-Wilmington, PA-NJ-DE-MD","34","New Jersey","007","Camden","39.912431","-75.116864"
"06/17/2008","AQS","340070009","1","39","ug/m3 SC","36","Camden RRF","1","100.0000","81102","PM10 Total 0-10um STP","37980","Philadelphia-Camden-Wilmington, PA-NJ-DE-MD","34","New Jersey","007","Camden","39.912431","-75.116864"
"06/23/2008","AQS","340070009","1","39","ug/m3 SC","36","Camden RRF","1","100.0000","81102","PM10 Total 0-10um STP","37980","Philadelphia-Camden-Wilmington, PA-NJ-DE-MD","34","New Jersey","007","Camden","39.912431","-75.116864"
"06/29/2008","AQS","340070009","1","23","ug/m3 SC","21","Camden RRF","1","100.0000","81102","PM10 Total 0-10um STP","37980","Philadelphia-Camden-Wilmington, PA-NJ-DE-MD","34","New Jersey","007","Camden","39.912431","-75.116864"
"07/05/2008","AQS","340070009","1","32","ug/m3 SC","30","Camden RRF","1","100.0000","81102","PM10 Total 0-10um STP","37980","Philadelphia-Camden-Wilmington, PA-NJ-DE-MD","34","New Jersey","007","Camden","39.912431","-75.116864"
"07/11/2008","AQS","340070009","1","34","ug/m3 SC","31","Camden RRF","1","100.0000","81102","PM10 Total 0-10um STP","37980","Philadelphia-Camden-Wilmington, PA-NJ-DE-MD","34","New Jersey","007","Camden","39.912431","-75.116864"
"07/17/2008","AQS","340070009","1","55","ug/m3 SC","51","Camden RRF","1","100.0000","81102","PM10 Total 0-10um STP","37980","Philadelphia-Camden-Wilmington, PA-NJ-DE-MD","34","New Jersey","007","Camden","39.912431","-75.116864"
"07/23/2008","AQS","340070009","1","28","ug/m3 SC","26","Camden RRF","1","100.0000","81102","PM10 Total 0-10um STP","37980","Philadelphia-Camden-Wilmington, PA-NJ-DE-MD","34","New Jersey","007","Camden","39.912431","-75.116864"
"07/29/2008","AQS","340070009","1","49","ug/m3 SC","45","Camden RRF","1","100.0000","81102","PM10 Total 0-10um STP","37980","Philadelphia-Camden-Wilmington, PA-NJ-DE-MD","34","New Jersey","007","Camden","39.912431","-75.116864"
"08/04/2008","AQS","340070009","1","44","ug/m3 SC","41","Camden RRF","1","100.0000","81102","PM10 Total 0-10um STP","37980","Philadelphia-Camden-Wilmington, PA-NJ-DE-MD","34","New Jersey","007","Camden","39.912431","-75.116864"
"08/10/2008","AQS","340070009","1","24","ug/m3 SC","22","Camden RRF","1","100.0000","81102","PM10 Total 0-10um STP","37980","Philadelphia-Camden-Wilmington, PA-NJ-DE-MD","34","New Jersey","007","Camden","39.912431","-75.116864"
"08/16/2008","AQS","340070009","1","23","ug/m3 SC","21","Camden RRF","1","100.0000","81102","PM10 Total 0-10um STP","37980","Philadelphia-Camden-Wilmington, PA-NJ-DE-MD","34","New Jersey","007","Camden","39.912431","-75.116864"
"08/22/2008","AQS","340070009","1","32","ug/m3 SC","30","Camden RRF","1","100.0000","81102","PM10 Total 0-10um STP","37980","Philadelphia-Camden-Wilmington, PA-NJ-DE-MD","34","New Jersey","007","Camden","39.912431","-75.116864"
"08/28/2008","AQS","340070009","1","24","ug/m3 SC","22","Camden RRF","1","100.0000","81102","PM10 Total 0-10um STP","37980","Philadelphia-Camden-Wilmington, PA-NJ-DE-MD","34","New Jersey","007","Camden","39.912431","-75.116864"
"09/03/2008","AQS","340070009","1","42","ug/m3 SC","39","Camden RRF","1","100.0000","81102","PM10 Total 0-10um STP","37980","Philadelphia-Camden-Wilmington, PA-NJ-DE-MD","34","New Jersey","007","Camden","39.912431","-75.116864"
"09/15/2008","AQS","340070009","1","31","ug/m3 SC","29","Camden RRF","1","100.0000","81102","PM10 Total 0-10um STP","37980","Philadelphia-Camden-Wilmington, PA-NJ-DE-MD","34","New Jersey","007","Camden","39.912431","-75.116864"
"09/21/2008","AQS","340070009","1","27","ug/m3 SC","25","Camden RRF","1","100.0000","81102","PM10 Total 0-10um STP","37980","Philadelphia-Camden-Wilmington, PA-NJ-DE-MD","34","New Jersey","007","Camden","39.912431","-75.116864"
"09/27/2008","AQS","340070009","1","12","ug/m3 SC","11","Camden RRF","1","100.0000","81102","PM10 Total 0-10um STP","37980","Philadelphia-Camden-Wilmington, PA-NJ-DE-MD","34","New Jersey","007","Camden","39.912431","-75.116864"
"10/03/2008","AQS","340070009","1","24","ug/m3 SC","22","Camden RRF","1","100.0000","81102","PM10 Total 0-10um STP","37980","Philadelphia-Camden-Wilmington, PA-NJ-DE-MD","34","New Jersey","007","Camden","39.912431","-75.116864"
"11/02/2008","AQS","340070009","1","5","ug/m3 SC","5","Camden RRF","1","100.0000","81102","PM10 Total 0-10um STP","37980","Philadelphia-Camden-Wilmington, PA-NJ-DE-MD","34","New Jersey","007","Camden","39.912431","-75.116864"
"11/08/2008","AQS","340070009","1","9","ug/m3 SC","8","Camden RRF","1","100.0000","81102","PM10 Total 0-10um STP","37980","Philadelphia-Camden-Wilmington, PA-NJ-DE-MD","34","New Jersey","007","Camden","39.912431","-75.116864"
"11/14/2008","AQS","340070009","1","7","ug/m3 SC","6","Camden RRF","1","100.0000","81102","PM10 Total 0-10um STP","37980","Philadelphia-Camden-Wilmington, PA-NJ-DE-MD","34","New Jersey","007","Camden","39.912431","-75.116864"
"11/26/2008","AQS","340070009","1","17","ug/m3 SC","16","Camden RRF","1","100.0000","81102","PM10 Total 0-10um STP","37980","Philadelphia-Camden-Wilmington, PA-NJ-DE-MD","34","New Jersey","007","Camden","39.912431","-75.116864"
"12/02/2008","AQS","340070009","1","22","ug/m3 SC","20","Camden RRF","1","100.0000","81102","PM10 Total 0-10um STP","37980","Philadelphia-Camden-Wilmington, PA-NJ-DE-MD","34","New Jersey","007","Camden","39.912431","-75.116864"
"12/08/2008","AQS","340070009","1","21","ug/m3 SC","19","Camden RRF","1","100.0000","81102","PM10 Total 0-10um STP","37980","Philadelphia-Camden-Wilmington, PA-NJ-DE-MD","34","New Jersey","007","Camden","39.912431","-75.116864"
"12/14/2008","AQS","340070009","1","15","ug/m3 SC","14","Camden RRF","1","100.0000","81102","PM10 Total 0-10um STP","37980","Philadelphia-Camden-Wilmington, PA-NJ-DE-MD","34","New Jersey","007","Camden","39.912431","-75.116864"
"12/20/2008","AQS","340070009","1","11","ug/m3 SC","10","Camden RRF","1","100.0000","81102","PM10 Total 0-10um STP","37980","Philadelphia-Camden-Wilmington, PA-NJ-DE-MD","34","New Jersey","007","Camden","39.912431","-75.116864"
"12/26/2008","AQS","340070009","1","20","ug/m3 SC","19","Camden RRF","1","100.0000","81102","PM10 Total 0-10um STP","37980","Philadelphia-Camden-Wilmington, PA-NJ-DE-MD","34","New Jersey","007","Camden","39.912431","-75.116864"
"01/01/2008","AQS","340070009","2","14","ug/m3 SC","13","Camden RRF","1","100.0000","81102","PM10 Total 0-10um STP","37980","Philadelphia-Camden-Wilmington, PA-NJ-DE-MD","34","New Jersey","007","Camden","39.912431","-75.116864"
"01/07/2008","AQS","340070009","2","44","ug/m3 SC","41","Camden RRF","1","100.0000","81102","PM10 Total 0-10um STP","37980","Philadelphia-Camden-Wilmington, PA-NJ-DE-MD","34","New Jersey","007","Camden","39.912431","-75.116864"
"01/13/2008","AQS","340070009","2","27","ug/m3 SC","25","Camden RRF","1","100.0000","81102","PM10 Total 0-10um STP","37980","Philadelphia-Camden-Wilmington, PA-NJ-DE-MD","34","New Jersey","007","Camden","39.912431","-75.116864"
"01/19/2008","AQS","340070009","2","20","ug/m3 SC","19","Camden RRF","1","100.0000","81102","PM10 Total 0-10um STP","37980","Philadelphia-Camden-Wilmington, PA-NJ-DE-MD","34","New Jersey","007","Camden","39.912431","-75.116864"
"02/12/2008","AQS","340070009","2","36","ug/m3 SC","33","Camden RRF","1","100.0000","81102","PM10 Total 0-10um STP","37980","Philadelphia-Camden-Wilmington, PA-NJ-DE-MD","34","New Jersey","007","Camden","39.912431","-75.116864"
"02/18/2008","AQS","340070009","2","16","ug/m3 SC","15","Camden RRF","1","100.0000","81102","PM10 Total 0-10um STP","37980","Philadelphia-Camden-Wilmington, PA-NJ-DE-MD","34","New Jersey","007","Camden","39.912431","-75.116864"
"02/24/2008","AQS","340070009","2","25","ug/m3 SC","23","Camden RRF","1","100.0000","81102","PM10 Total 0-10um STP","37980","Philadelphia-Camden-Wilmington, PA-NJ-DE-MD","34","New Jersey","007","Camden","39.912431","-75.116864"
"03/01/2008","AQS","340070009","2","26","ug/m3 SC","24","Camden RRF","1","100.0000","81102","PM10 Total 0-10um STP","37980","Philadelphia-Camden-Wilmington, PA-NJ-DE-MD","34","New Jersey","007","Camden","39.912431","-75.116864"
"03/07/2008","AQS","340070009","2","22","ug/m3 SC","20","Camden RRF","1","100.0000","81102","PM10 Total 0-10um STP","37980","Philadelphia-Camden-Wilmington, PA-NJ-DE-MD","34","New Jersey","007","Camden","39.912431","-75.116864"
"03/13/2008","AQS","340070009","2","24","ug/m3 SC","22","Camden RRF","1","100.0000","81102","PM10 Total 0-10um STP","37980","Philadelphia-Camden-Wilmington, PA-NJ-DE-MD","34","New Jersey","007","Camden","39.912431","-75.116864"
"03/19/2008","AQS","340070009","2","21","ug/m3 SC","19","Camden RRF","1","100.0000","81102","PM10 Total 0-10um STP","37980","Philadelphia-Camden-Wilmington, PA-NJ-DE-MD","34","New Jersey","007","Camden","39.912431","-75.116864"
"03/25/2008","AQS","340070009","2","26","ug/m3 SC","24","Camden RRF","1","100.0000","81102","PM10 Total 0-10um STP","37980","Philadelphia-Camden-Wilmington, PA-NJ-DE-MD","34","New Jersey","007","Camden","39.912431","-75.116864"
"03/31/2008","AQS","340070009","2","17","ug/m3 SC","16","Camden RRF","1","100.0000","81102","PM10 Total 0-10um STP","37980","Philadelphia-Camden-Wilmington, PA-NJ-DE-MD","34","New Jersey","007","Camden","39.912431","-75.116864"
"04/06/2008","AQS","340070009","2","9","ug/m3 SC","8","Camden RRF","1","100.0000","81102","PM10 Total 0-10um STP","37980","Philadelphia-Camden-Wilmington, PA-NJ-DE-MD","34","New Jersey","007","Camden","39.912431","-75.116864"
"04/12/2008","AQS","340070009","2","15","ug/m3 SC","14","Camden RRF","1","100.0000","81102","PM10 Total 0-10um STP","37980","Philadelphia-Camden-Wilmington, PA-NJ-DE-MD","34","New Jersey","007","Camden","39.912431","-75.116864"
"04/18/2008","AQS","340070009","2","34","ug/m3 SC","31","Camden RRF","1","100.0000","81102","PM10 Total 0-10um STP","37980","Philadelphia-Camden-Wilmington, PA-NJ-DE-MD","34","New Jersey","007","Camden","39.912431","-75.116864"
"04/24/2008","AQS","340070009","2","52","ug/m3 SC","48","Camden RRF","1","100.0000","81102","PM10 Total 0-10um STP","37980","Philadelphia-Camden-Wilmington, PA-NJ-DE-MD","34","New Jersey","007","Camden","39.912431","-75.116864"
"04/30/2008","AQS","340070009","2","32","ug/m3 SC","30","Camden RRF","1","100.0000","81102","PM10 Total 0-10um STP","37980","Philadelphia-Camden-Wilmington, PA-NJ-DE-MD","34","New Jersey","007","Camden","39.912431","-75.116864"
"05/06/2008","AQS","340070009","2","42","ug/m3 SC","39","Camden RRF","1","100.0000","81102","PM10 Total 0-10um STP","37980","Philadelphia-Camden-Wilmington, PA-NJ-DE-MD","34","New Jersey","007","Camden","39.912431","-75.116864"
"05/12/2008","AQS","340070009","2","14","ug/m3 SC","13","Camden RRF","1","100.0000","81102","PM10 Total 0-10um STP","37980","Philadelphia-Camden-Wilmington, PA-NJ-DE-MD","34","New Jersey","007","Camden","39.912431","-75.116864"
"05/18/2008","AQS","340070009","2","21","ug/m3 SC","19","Camden RRF","1","100.0000","81102","PM10 Total 0-10um STP","37980","Philadelphia-Camden-Wilmington, PA-NJ-DE-MD","34","New Jersey","007","Camden","39.912431","-75.116864"
"05/24/2008","AQS","340070009","2","22","ug/m3 SC","20","Camden RRF","1","100.0000","81102","PM10 Total 0-10um STP","37980","Philadelphia-Camden-Wilmington, PA-NJ-DE-MD","34","New Jersey","007","Camden","39.912431","-75.116864"
"05/30/2008","AQS","340070009","2","36","ug/m3 SC","33","Camden RRF","1","100.0000","81102","PM10 Total 0-10um STP","37980","Philadelphia-Camden-Wilmington, PA-NJ-DE-MD","34","New Jersey","007","Camden","39.912431","-75.116864"
"06/05/2008","AQS","340070009","2","24","ug/m3 SC","22","Camden RRF","1","100.0000","81102","PM10 Total 0-10um STP","37980","Philadelphia-Camden-Wilmington, PA-NJ-DE-MD","34","New Jersey","007","Camden","39.912431","-75.116864"
"06/11/2008","AQS","340070009","2","34","ug/m3 SC","31","Camden RRF","1","100.0000","81102","PM10 Total 0-10um STP","37980","Philadelphia-Camden-Wilmington, PA-NJ-DE-MD","34","New Jersey","007","Camden","39.912431","-75.116864"
"06/17/2008","AQS","340070009","2","38","ug/m3 SC","35","Camden RRF","1","100.0000","81102","PM10 Total 0-10um STP","37980","Philadelphia-Camden-Wilmington, PA-NJ-DE-MD","34","New Jersey","007","Camden","39.912431","-75.116864"
"06/23/2008","AQS","340070009","2","41","ug/m3 SC","38","Camden RRF","1","100.0000","81102","PM10 Total 0-10um STP","37980","Philadelphia-Camden-Wilmington, PA-NJ-DE-MD","34","New Jersey","007","Camden","39.912431","-75.116864"
"06/29/2008","AQS","340070009","2","21","ug/m3 SC","19","Camden RRF","1","100.0000","81102","PM10 Total 0-10um STP","37980","Philadelphia-Camden-Wilmington, PA-NJ-DE-MD","34","New Jersey","007","Camden","39.912431","-75.116864"
"07/05/2008","AQS","340070009","2","29","ug/m3 SC","27","Camden RRF","1","100.0000","81102","PM10 Total 0-10um STP","37980","Philadelphia-Camden-Wilmington, PA-NJ-DE-MD","34","New Jersey","007","Camden","39.912431","-75.116864"
"07/11/2008","AQS","340070009","2","42","ug/m3 SC","39","Camden RRF","1","100.0000","81102","PM10 Total 0-10um STP","37980","Philadelphia-Camden-Wilmington, PA-NJ-DE-MD","34","New Jersey","007","Camden","39.912431","-75.116864"
"07/17/2008","AQS","340070009","2","47","ug/m3 SC","44","Camden RRF","1","100.0000","81102","PM10 Total 0-10um STP","37980","Philadelphia-Camden-Wilmington, PA-NJ-DE-MD","34","New Jersey","007","Camden","39.912431","-75.116864"
"07/23/2008","AQS","340070009","2","32","ug/m3 SC","30","Camden RRF","1","100.0000","81102","PM10 Total 0-10um STP","37980","Philadelphia-Camden-Wilmington, PA-NJ-DE-MD","34","New Jersey","007","Camden","39.912431","-75.116864"
"07/29/2008","AQS","340070009","2","56","ug/m3 SC","51","Camden RRF","1","100.0000","81102","PM10 Total 0-10um STP","37980","Philadelphia-Camden-Wilmington, PA-NJ-DE-MD","34","New Jersey","007","Camden","39.912431","-75.116864"
"08/04/2008","AQS","340070009","2","36","ug/m3 SC","33","Camden RRF","1","100.0000","81102","PM10 Total 0-10um STP","37980","Philadelphia-Camden-Wilmington, PA-NJ-DE-MD","34","New Jersey","007","Camden","39.912431","-75.116864"
"08/10/2008","AQS","340070009","2","29","ug/m3 SC","27","Camden RRF","1","100.0000","81102","PM10 Total 0-10um STP","37980","Philadelphia-Camden-Wilmington, PA-NJ-DE-MD","34","New Jersey","007","Camden","39.912431","-75.116864"
"08/16/2008","AQS","340070009","2","23","ug/m3 SC","21","Camden RRF","1","100.0000","81102","PM10 Total 0-10um STP","37980","Philadelphia-Camden-Wilmington, PA-NJ-DE-MD","34","New Jersey","007","Camden","39.912431","-75.116864"
"08/22/2008","AQS","340070009","2","30","ug/m3 SC","28","Camden RRF","1","100.0000","81102","PM10 Total 0-10um STP","37980","Philadelphia-Camden-Wilmington, PA-NJ-DE-MD","34","New Jersey","007","Camden","39.912431","-75.116864"
"08/28/2008","AQS","340070009","2","24","ug/m3 SC","22","Camden RRF","1","100.0000","81102","PM10 Total 0-10um STP","37980","Philadelphia-Camden-Wilmington, PA-NJ-DE-MD","34","New Jersey","007","Camden","39.912431","-75.116864"
"09/21/2008","AQS","340070009","2","18","ug/m3 SC","17","Camden RRF","1","100.0000","81102","PM10 Total 0-10um STP","37980","Philadelphia-Camden-Wilmington, PA-NJ-DE-MD","34","New Jersey","007","Camden","39.912431","-75.116864"
"09/27/2008","AQS","340070009","2","12","ug/m3 SC","11","Camden RRF","1","100.0000","81102","PM10 Total 0-10um STP","37980","Philadelphia-Camden-Wilmington, PA-NJ-DE-MD","34","New Jersey","007","Camden","39.912431","-75.116864"
"10/03/2008","AQS","340070009","2","24","ug/m3 SC","22","Camden RRF","1","100.0000","81102","PM10 Total 0-10um STP","37980","Philadelphia-Camden-Wilmington, PA-NJ-DE-MD","34","New Jersey","007","Camden","39.912431","-75.116864"
"10/09/2008","AQS","340070009","2","22","ug/m3 SC","20","Camden RRF","1","100.0000","81102","PM10 Total 0-10um STP","37980","Philadelphia-Camden-Wilmington, PA-NJ-DE-MD","34","New Jersey","007","Camden","39.912431","-75.116864"
"10/15/2008","AQS","340070009","2","32","ug/m3 SC","30","Camden RRF","1","100.0000","81102","PM10 Total 0-10um STP","37980","Philadelphia-Camden-Wilmington, PA-NJ-DE-MD","34","New Jersey","007","Camden","39.912431","-75.116864"
"10/21/2008","AQS","340070009","2","49","ug/m3 SC","45","Camden RRF","1","100.0000","81102","PM10 Total 0-10um STP","37980","Philadelphia-Camden-Wilmington, PA-NJ-DE-MD","34","New Jersey","007","Camden","39.912431","-75.116864"
"01/01/2008","AQS","340171003","2","18","ug/m3 SC","17","Jersey City Firehouse","1","100.0000","81102","PM10 Total 0-10um STP","35620","New York-Newark-Jersey City, NY-NJ-PA","34","New Jersey","017","Hudson","40.725413","-74.052293"
"01/07/2008","AQS","340171003","2","74","ug/m3 SC","60","Jersey City Firehouse","1","100.0000","81102","PM10 Total 0-10um STP","35620","New York-Newark-Jersey City, NY-NJ-PA","34","New Jersey","017","Hudson","40.725413","-74.052293"
"01/13/2008","AQS","340171003","2","19","ug/m3 SC","18","Jersey City Firehouse","1","100.0000","81102","PM10 Total 0-10um STP","35620","New York-Newark-Jersey City, NY-NJ-PA","34","New Jersey","017","Hudson","40.725413","-74.052293"
"01/19/2008","AQS","340171003","2","16","ug/m3 SC","15","Jersey City Firehouse","1","100.0000","81102","PM10 Total 0-10um STP","35620","New York-Newark-Jersey City, NY-NJ-PA","34","New Jersey","017","Hudson","40.725413","-74.052293"
"01/25/2008","AQS","340171003","2","20","ug/m3 SC","19","Jersey City Firehouse","1","100.0000","81102","PM10 Total 0-10um STP","35620","New York-Newark-Jersey City, NY-NJ-PA","34","New Jersey","017","Hudson","40.725413","-74.052293"
"01/31/2008","AQS","340171003","2","19","ug/m3 SC","18","Jersey City Firehouse","1","100.0000","81102","PM10 Total 0-10um STP","35620","New York-Newark-Jersey City, NY-NJ-PA","34","New Jersey","017","Hudson","40.725413","-74.052293"
"02/06/2008","AQS","340171003","2","27","ug/m3 SC","25","Jersey City Firehouse","1","100.0000","81102","PM10 Total 0-10um STP","35620","New York-Newark-Jersey City, NY-NJ-PA","34","New Jersey","017","Hudson","40.725413","-74.052293"
"02/12/2008","AQS","340171003","2","19","ug/m3 SC","18","Jersey City Firehouse","1","100.0000","81102","PM10 Total 0-10um STP","35620","New York-Newark-Jersey City, NY-NJ-PA","34","New Jersey","017","Hudson","40.725413","-74.052293"
"02/18/2008","AQS","340171003","2","9","ug/m3 SC","8","Jersey City Firehouse","1","100.0000","81102","PM10 Total 0-10um STP","35620","New York-Newark-Jersey City, NY-NJ-PA","34","New Jersey","017","Hudson","40.725413","-74.052293"
"02/24/2008","AQS","340171003","2","12","ug/m3 SC","11","Jersey City Firehouse","1","100.0000","81102","PM10 Total 0-10um STP","35620","New York-Newark-Jersey City, NY-NJ-PA","34","New Jersey","017","Hudson","40.725413","-74.052293"
"03/07/2008","AQS","340171003","2","27","ug/m3 SC","25","Jersey City Firehouse","1","100.0000","81102","PM10 Total 0-10um STP","35620","New York-Newark-Jersey City, NY-NJ-PA","34","New Jersey","017","Hudson","40.725413","-74.052293"
"03/13/2008","AQS","340171003","2","16","ug/m3 SC","15","Jersey City Firehouse","1","100.0000","81102","PM10 Total 0-10um STP","35620","New York-Newark-Jersey City, NY-NJ-PA","34","New Jersey","017","Hudson","40.725413","-74.052293"
"03/19/2008","AQS","340171003","2","22","ug/m3 SC","20","Jersey City Firehouse","1","100.0000","81102","PM10 Total 0-10um STP","35620","New York-Newark-Jersey City, NY-NJ-PA","34","New Jersey","017","Hudson","40.725413","-74.052293"
"03/25/2008","AQS","340171003","2","21","ug/m3 SC","19","Jersey City Firehouse","1","100.0000","81102","PM10 Total 0-10um STP","35620","New York-Newark-Jersey City, NY-NJ-PA","34","New Jersey","017","Hudson","40.725413","-74.052293"
"03/31/2008","AQS","340171003","2","16","ug/m3 SC","15","Jersey City Firehouse","1","100.0000","81102","PM10 Total 0-10um STP","35620","New York-Newark-Jersey City, NY-NJ-PA","34","New Jersey","017","Hudson","40.725413","-74.052293"
"04/06/2008","AQS","340171003","2","14","ug/m3 SC","13","Jersey City Firehouse","1","100.0000","81102","PM10 Total 0-10um STP","35620","New York-Newark-Jersey City, NY-NJ-PA","34","New Jersey","017","Hudson","40.725413","-74.052293"
"04/12/2008","AQS","340171003","2","20","ug/m3 SC","19","Jersey City Firehouse","1","100.0000","81102","PM10 Total 0-10um STP","35620","New York-Newark-Jersey City, NY-NJ-PA","34","New Jersey","017","Hudson","40.725413","-74.052293"
"04/18/2008","AQS","340171003","2","61","ug/m3 SC","54","Jersey City Firehouse","1","100.0000","81102","PM10 Total 0-10um STP","35620","New York-Newark-Jersey City, NY-NJ-PA","34","New Jersey","017","Hudson","40.725413","-74.052293"
"04/24/2008","AQS","340171003","2","50","ug/m3 SC","46","Jersey City Firehouse","1","100.0000","81102","PM10 Total 0-10um STP","35620","New York-Newark-Jersey City, NY-NJ-PA","34","New Jersey","017","Hudson","40.725413","-74.052293"
"04/30/2008","AQS","340171003","2","23","ug/m3 SC","21","Jersey City Firehouse","1","100.0000","81102","PM10 Total 0-10um STP","35620","New York-Newark-Jersey City, NY-NJ-PA","34","New Jersey","017","Hudson","40.725413","-74.052293"
"05/06/2008","AQS","340171003","2","45","ug/m3 SC","42","Jersey City Firehouse","1","100.0000","81102","PM10 Total 0-10um STP","35620","New York-Newark-Jersey City, NY-NJ-PA","34","New Jersey","017","Hudson","40.725413","-74.052293"
"05/12/2008","AQS","340171003","2","34","ug/m3 SC","31","Jersey City Firehouse","1","100.0000","81102","PM10 Total 0-10um STP","35620","New York-Newark-Jersey City, NY-NJ-PA","34","New Jersey","017","Hudson","40.725413","-74.052293"
"05/18/2008","AQS","340171003","2","27","ug/m3 SC","25","Jersey City Firehouse","1","100.0000","81102","PM10 Total 0-10um STP","35620","New York-Newark-Jersey City, NY-NJ-PA","34","New Jersey","017","Hudson","40.725413","-74.052293"
"05/24/2008","AQS","340171003","2","25","ug/m3 SC","23","Jersey City Firehouse","1","100.0000","81102","PM10 Total 0-10um STP","35620","New York-Newark-Jersey City, NY-NJ-PA","34","New Jersey","017","Hudson","40.725413","-74.052293"
"05/30/2008","AQS","340171003","2","57","ug/m3 SC","52","Jersey City Firehouse","1","100.0000","81102","PM10 Total 0-10um STP","35620","New York-Newark-Jersey City, NY-NJ-PA","34","New Jersey","017","Hudson","40.725413","-74.052293"
"06/05/2008","AQS","340171003","2","32","ug/m3 SC","30","Jersey City Firehouse","1","100.0000","81102","PM10 Total 0-10um STP","35620","New York-Newark-Jersey City, NY-NJ-PA","34","New Jersey","017","Hudson","40.725413","-74.052293"
"06/11/2008","AQS","340171003","2","93","ug/m3 SC","70","Jersey City Firehouse","1","100.0000","81102","PM10 Total 0-10um STP","35620","New York-Newark-Jersey City, NY-NJ-PA","34","New Jersey","017","Hudson","40.725413","-74.052293"
"06/17/2008","AQS","340171003","2","54","ug/m3 SC","50","Jersey City Firehouse","1","100.0000","81102","PM10 Total 0-10um STP","35620","New York-Newark-Jersey City, NY-NJ-PA","34","New Jersey","017","Hudson","40.725413","-74.052293"
"06/23/2008","AQS","340171003","2","61","ug/m3 SC","54","Jersey City Firehouse","1","100.0000","81102","PM10 Total 0-10um STP","35620","New York-Newark-Jersey City, NY-NJ-PA","34","New Jersey","017","Hudson","40.725413","-74.052293"
"06/29/2008","AQS","340171003","2","57","ug/m3 SC","52","Jersey City Firehouse","1","100.0000","81102","PM10 Total 0-10um STP","35620","New York-Newark-Jersey City, NY-NJ-PA","34","New Jersey","017","Hudson","40.725413","-74.052293"
"07/05/2008","AQS","340171003","2","54","ug/m3 SC","50","Jersey City Firehouse","1","100.0000","81102","PM10 Total 0-10um STP","35620","New York-Newark-Jersey City, NY-NJ-PA","34","New Jersey","017","Hudson","40.725413","-74.052293"
"07/11/2008","AQS","340171003","2","30","ug/m3 SC","28","Jersey City Firehouse","1","100.0000","81102","PM10 Total 0-10um STP","35620","New York-Newark-Jersey City, NY-NJ-PA","34","New Jersey","017","Hudson","40.725413","-74.052293"
"07/17/2008","AQS","340171003","2","67","ug/m3 SC","57","Jersey City Firehouse","1","100.0000","81102","PM10 Total 0-10um STP","35620","New York-Newark-Jersey City, NY-NJ-PA","34","New Jersey","017","Hudson","40.725413","-74.052293"
"07/23/2008","AQS","340171003","2","32","ug/m3 SC","30","Jersey City Firehouse","1","100.0000","81102","PM10 Total 0-10um STP","35620","New York-Newark-Jersey City, NY-NJ-PA","34","New Jersey","017","Hudson","40.725413","-74.052293"
"07/29/2008","AQS","340171003","2","56","ug/m3 SC","51","Jersey City Firehouse","1","100.0000","81102","PM10 Total 0-10um STP","35620","New York-Newark-Jersey City, NY-NJ-PA","34","New Jersey","017","Hudson","40.725413","-74.052293"
"08/04/2008","AQS","340171003","2","26","ug/m3 SC","24","Jersey City Firehouse","1","100.0000","81102","PM10 Total 0-10um STP","35620","New York-Newark-Jersey City, NY-NJ-PA","34","New Jersey","017","Hudson","40.725413","-74.052293"
"08/10/2008","AQS","340171003","2","26","ug/m3 SC","24","Jersey City Firehouse","1","100.0000","81102","PM10 Total 0-10um STP","35620","New York-Newark-Jersey City, NY-NJ-PA","34","New Jersey","017","Hudson","40.725413","-74.052293"
"08/16/2008","AQS","340171003","2","16","ug/m3 SC","15","Jersey City Firehouse","1","100.0000","81102","PM10 Total 0-10um STP","35620","New York-Newark-Jersey City, NY-NJ-PA","34","New Jersey","017","Hudson","40.725413","-74.052293"
"08/22/2008","AQS","340171003","2","24","ug/m3 SC","22","Jersey City Firehouse","1","100.0000","81102","PM10 Total 0-10um STP","35620","New York-Newark-Jersey City, NY-NJ-PA","34","New Jersey","017","Hudson","40.725413","-74.052293"
"08/28/2008","AQS","340171003","2","42","ug/m3 SC","39","Jersey City Firehouse","1","100.0000","81102","PM10 Total 0-10um STP","35620","New York-Newark-Jersey City, NY-NJ-PA","34","New Jersey","017","Hudson","40.725413","-74.052293"
"09/03/2008","AQS","340171003","2","23","ug/m3 SC","21","Jersey City Firehouse","1","100.0000","81102","PM10 Total 0-10um STP","35620","New York-Newark-Jersey City, NY-NJ-PA","34","New Jersey","017","Hudson","40.725413","-74.052293"
"09/09/2008","AQS","340171003","2","20","ug/m3 SC","19","Jersey City Firehouse","1","100.0000","81102","PM10 Total 0-10um STP","35620","New York-Newark-Jersey City, NY-NJ-PA","34","New Jersey","017","Hudson","40.725413","-74.052293"
"09/15/2008","AQS","340171003","2","17","ug/m3 SC","16","Jersey City Firehouse","1","100.0000","81102","PM10 Total 0-10um STP","35620","New York-Newark-Jersey City, NY-NJ-PA","34","New Jersey","017","Hudson","40.725413","-74.052293"
"09/21/2008","AQS","340171003","2","32","ug/m3 SC","30","Jersey City Firehouse","1","100.0000","81102","PM10 Total 0-10um STP","35620","New York-Newark-Jersey City, NY-NJ-PA","34","New Jersey","017","Hudson","40.725413","-74.052293"
"09/27/2008","AQS","340171003","2","15","ug/m3 SC","14","Jersey City Firehouse","1","100.0000","81102","PM10 Total 0-10um STP","35620","New York-Newark-Jersey City, NY-NJ-PA","34","New Jersey","017","Hudson","40.725413","-74.052293"
"10/03/2008","AQS","340171003","2","21","ug/m3 SC","19","Jersey City Firehouse","1","100.0000","81102","PM10 Total 0-10um STP","35620","New York-Newark-Jersey City, NY-NJ-PA","34","New Jersey","017","Hudson","40.725413","-74.052293"
"10/09/2008","AQS","340171003","2","26","ug/m3 SC","24","Jersey City Firehouse","1","100.0000","81102","PM10 Total 0-10um STP","35620","New York-Newark-Jersey City, NY-NJ-PA","34","New Jersey","017","Hudson","40.725413","-74.052293"
"10/15/2008","AQS","340171003","2","28","ug/m3 SC","26","Jersey City Firehouse","1","100.0000","81102","PM10 Total 0-10um STP","35620","New York-Newark-Jersey City, NY-NJ-PA","34","New Jersey","017","Hudson","40.725413","-74.052293"
"10/21/2008","AQS","340171003","2","32","ug/m3 SC","30","Jersey City Firehouse","1","100.0000","81102","PM10 Total 0-10um STP","35620","New York-Newark-Jersey City, NY-NJ-PA","34","New Jersey","017","Hudson","40.725413","-74.052293"
"10/27/2008","AQS","340171003","2","20","ug/m3 SC","19","Jersey City Firehouse","1","100.0000","81102","PM10 Total 0-10um STP","35620","New York-Newark-Jersey City, NY-NJ-PA","34","New Jersey","017","Hudson","40.725413","-74.052293"
"11/08/2008","AQS","340171003","2","16","ug/m3 SC","15","Jersey City Firehouse","1","100.0000","81102","PM10 Total 0-10um STP","35620","New York-Newark-Jersey City, NY-NJ-PA","34","New Jersey","017","Hudson","40.725413","-74.052293"
"11/14/2008","AQS","340171003","2","5","ug/m3 SC","5","Jersey City Firehouse","1","100.0000","81102","PM10 Total 0-10um STP","35620","New York-Newark-Jersey City, NY-NJ-PA","34","New Jersey","017","Hudson","40.725413","-74.052293"
"11/20/2008","AQS","340171003","2","14","ug/m3 SC","13","Jersey City Firehouse","1","100.0000","81102","PM10 Total 0-10um STP","35620","New York-Newark-Jersey City, NY-NJ-PA","34","New Jersey","017","Hudson","40.725413","-74.052293"
"11/26/2008","AQS","340171003","2","10","ug/m3 SC","9","Jersey City Firehouse","1","100.0000","81102","PM10 Total 0-10um STP","35620","New York-Newark-Jersey City, NY-NJ-PA","34","New Jersey","017","Hudson","40.725413","-74.052293"
"12/02/2008","AQS","340171003","2","11","ug/m3 SC","10","Jersey City Firehouse","1","100.0000","81102","PM10 Total 0-10um STP","35620","New York-Newark-Jersey City, NY-NJ-PA","34","New Jersey","017","Hudson","40.725413","-74.052293"
"12/08/2008","AQS","340171003","2","15","ug/m3 SC","14","Jersey City Firehouse","1","100.0000","81102","PM10 Total 0-10um STP","35620","New York-Newark-Jersey City, NY-NJ-PA","34","New Jersey","017","Hudson","40.725413","-74.052293"
"12/14/2008","AQS","340171003","2","15","ug/m3 SC","14","Jersey City Firehouse","1","100.0000","81102","PM10 Total 0-10um STP","35620","New York-Newark-Jersey City, NY-NJ-PA","34","New Jersey","017","Hudson","40.725413","-74.052293"
"12/20/2008","AQS","340171003","2","8","ug/m3 SC","7","Jersey City Firehouse","1","100.0000","81102","PM10 Total 0-10um STP","35620","New York-Newark-Jersey City, NY-NJ-PA","34","New Jersey","017","Hudson","40.725413","-74.052293"
"12/26/2008","AQS","340171003","2","20","ug/m3 SC","19","Jersey City Firehouse","1","100.0000","81102","PM10 Total 0-10um STP","35620","New York-Newark-Jersey City, NY-NJ-PA","34","New Jersey","017","Hudson","40.725413","-74.052293"
"01/01/2008","AQS","340171003","3","13","ug/m3 SC","12","Jersey City Firehouse","1","100.0000","81102","PM10 Total 0-10um STP","35620","New York-Newark-Jersey City, NY-NJ-PA","34","New Jersey","017","Hudson","40.725413","-74.052293"
"01/07/2008","AQS","340171003","3","41","ug/m3 SC","38","Jersey City Firehouse","1","100.0000","81102","PM10 Total 0-10um STP","35620","New York-Newark-Jersey City, NY-NJ-PA","34","New Jersey","017","Hudson","40.725413","-74.052293"
"01/13/2008","AQS","340171003","3","15","ug/m3 SC","14","Jersey City Firehouse","1","100.0000","81102","PM10 Total 0-10um STP","35620","New York-Newark-Jersey City, NY-NJ-PA","34","New Jersey","017","Hudson","40.725413","-74.052293"
"01/19/2008","AQS","340171003","3","17","ug/m3 SC","16","Jersey City Firehouse","1","100.0000","81102","PM10 Total 0-10um STP","35620","New York-Newark-Jersey City, NY-NJ-PA","34","New Jersey","017","Hudson","40.725413","-74.052293"
"01/25/2008","AQS","340171003","3","17","ug/m3 SC","16","Jersey City Firehouse","1","100.0000","81102","PM10 Total 0-10um STP","35620","New York-Newark-Jersey City, NY-NJ-PA","34","New Jersey","017","Hudson","40.725413","-74.052293"
"01/31/2008","AQS","340171003","3","17","ug/m3 SC","16","Jersey City Firehouse","1","100.0000","81102","PM10 Total 0-10um STP","35620","New York-Newark-Jersey City, NY-NJ-PA","34","New Jersey","017","Hudson","40.725413","-74.052293"
"02/06/2008","AQS","340171003","3","27","ug/m3 SC","25","Jersey City Firehouse","1","100.0000","81102","PM10 Total 0-10um STP","35620","New York-Newark-Jersey City, NY-NJ-PA","34","New Jersey","017","Hudson","40.725413","-74.052293"
"02/12/2008","AQS","340171003","3","20","ug/m3 SC","19","Jersey City Firehouse","1","100.0000","81102","PM10 Total 0-10um STP","35620","New York-Newark-Jersey City, NY-NJ-PA","34","New Jersey","017","Hudson","40.725413","-74.052293"
"02/18/2008","AQS","340171003","3","10","ug/m3 SC","9","Jersey City Firehouse","1","100.0000","81102","PM10 Total 0-10um STP","35620","New York-Newark-Jersey City, NY-NJ-PA","34","New Jersey","017","Hudson","40.725413","-74.052293"
"02/24/2008","AQS","340171003","3","20","ug/m3 SC","19","Jersey City Firehouse","1","100.0000","81102","PM10 Total 0-10um STP","35620","New York-Newark-Jersey City, NY-NJ-PA","34","New Jersey","017","Hudson","40.725413","-74.052293"
"03/01/2008","AQS","340171003","3","12","ug/m3 SC","11","Jersey City Firehouse","1","100.0000","81102","PM10 Total 0-10um STP","35620","New York-Newark-Jersey City, NY-NJ-PA","34","New Jersey","017","Hudson","40.725413","-74.052293"
"03/07/2008","AQS","340171003","3","26","ug/m3 SC","24","Jersey City Firehouse","1","100.0000","81102","PM10 Total 0-10um STP","35620","New York-Newark-Jersey City, NY-NJ-PA","34","New Jersey","017","Hudson","40.725413","-74.052293"
"03/13/2008","AQS","340171003","3","17","ug/m3 SC","16","Jersey City Firehouse","1","100.0000","81102","PM10 Total 0-10um STP","35620","New York-Newark-Jersey City, NY-NJ-PA","34","New Jersey","017","Hudson","40.725413","-74.052293"
"03/19/2008","AQS","340171003","3","21","ug/m3 SC","19","Jersey City Firehouse","1","100.0000","81102","PM10 Total 0-10um STP","35620","New York-Newark-Jersey City, NY-NJ-PA","34","New Jersey","017","Hudson","40.725413","-74.052293"
"03/25/2008","AQS","340171003","3","22","ug/m3 SC","20","Jersey City Firehouse","1","100.0000","81102","PM10 Total 0-10um STP","35620","New York-Newark-Jersey City, NY-NJ-PA","34","New Jersey","017","Hudson","40.725413","-74.052293"
"03/31/2008","AQS","340171003","3","17","ug/m3 SC","16","Jersey City Firehouse","1","100.0000","81102","PM10 Total 0-10um STP","35620","New York-Newark-Jersey City, NY-NJ-PA","34","New Jersey","017","Hudson","40.725413","-74.052293"
"04/06/2008","AQS","340171003","3","13","ug/m3 SC","12","Jersey City Firehouse","1","100.0000","81102","PM10 Total 0-10um STP","35620","New York-Newark-Jersey City, NY-NJ-PA","34","New Jersey","017","Hudson","40.725413","-74.052293"
"04/12/2008","AQS","340171003","3","22","ug/m3 SC","20","Jersey City Firehouse","1","100.0000","81102","PM10 Total 0-10um STP","35620","New York-Newark-Jersey City, NY-NJ-PA","34","New Jersey","017","Hudson","40.725413","-74.052293"
"04/30/2008","AQS","340171003","3","27","ug/m3 SC","25","Jersey City Firehouse","1","100.0000","81102","PM10 Total 0-10um STP","35620","New York-Newark-Jersey City, NY-NJ-PA","34","New Jersey","017","Hudson","40.725413","-74.052293"
"05/06/2008","AQS","340171003","3","53","ug/m3 SC","49","Jersey City Firehouse","1","100.0000","81102","PM10 Total 0-10um STP","35620","New York-Newark-Jersey City, NY-NJ-PA","34","New Jersey","017","Hudson","40.725413","-74.052293"
"05/12/2008","AQS","340171003","3","31","ug/m3 SC","29","Jersey City Firehouse","1","100.0000","81102","PM10 Total 0-10um STP","35620","New York-Newark-Jersey City, NY-NJ-PA","34","New Jersey","017","Hudson","40.725413","-74.052293"
"05/18/2008","AQS","340171003","3","33","ug/m3 SC","31","Jersey City Firehouse","1","100.0000","81102","PM10 Total 0-10um STP","35620","New York-Newark-Jersey City, NY-NJ-PA","34","New Jersey","017","Hudson","40.725413","-74.052293"
"05/24/2008","AQS","340171003","3","32","ug/m3 SC","30","Jersey City Firehouse","1","100.0000","81102","PM10 Total 0-10um STP","35620","New York-Newark-Jersey City, NY-NJ-PA","34","New Jersey","017","Hudson","40.725413","-74.052293"
"05/30/2008","AQS","340171003","3","63","ug/m3 SC","55","Jersey City Firehouse","1","100.0000","81102","PM10 Total 0-10um STP","35620","New York-Newark-Jersey City, NY-NJ-PA","34","New Jersey","017","Hudson","40.725413","-74.052293"
"06/05/2008","AQS","340171003","3","40","ug/m3 SC","37","Jersey City Firehouse","1","100.0000","81102","PM10 Total 0-10um STP","35620","New York-Newark-Jersey City, NY-NJ-PA","34","New Jersey","017","Hudson","40.725413","-74.052293"
"06/11/2008","AQS","340171003","3","48","ug/m3 SC","44","Jersey City Firehouse","1","100.0000","81102","PM10 Total 0-10um STP","35620","New York-Newark-Jersey City, NY-NJ-PA","34","New Jersey","017","Hudson","40.725413","-74.052293"
"06/17/2008","AQS","340171003","3","47","ug/m3 SC","44","Jersey City Firehouse","1","100.0000","81102","PM10 Total 0-10um STP","35620","New York-Newark-Jersey City, NY-NJ-PA","34","New Jersey","017","Hudson","40.725413","-74.052293"
"06/23/2008","AQS","340171003","3","67","ug/m3 SC","57","Jersey City Firehouse","1","100.0000","81102","PM10 Total 0-10um STP","35620","New York-Newark-Jersey City, NY-NJ-PA","34","New Jersey","017","Hudson","40.725413","-74.052293"
"06/29/2008","AQS","340171003","3","62","ug/m3 SC","54","Jersey City Firehouse","1","100.0000","81102","PM10 Total 0-10um STP","35620","New York-Newark-Jersey City, NY-NJ-PA","34","New Jersey","017","Hudson","40.725413","-74.052293"
"07/05/2008","AQS","340171003","3","63","ug/m3 SC","55","Jersey City Firehouse","1","100.0000","81102","PM10 Total 0-10um STP","35620","New York-Newark-Jersey City, NY-NJ-PA","34","New Jersey","017","Hudson","40.725413","-74.052293"
"07/11/2008","AQS","340171003","3","24","ug/m3 SC","22","Jersey City Firehouse","1","100.0000","81102","PM10 Total 0-10um STP","35620","New York-Newark-Jersey City, NY-NJ-PA","34","New Jersey","017","Hudson","40.725413","-74.052293"
"07/17/2008","AQS","340171003","3","45","ug/m3 SC","42","Jersey City Firehouse","1","100.0000","81102","PM10 Total 0-10um STP","35620","New York-Newark-Jersey City, NY-NJ-PA","34","New Jersey","017","Hudson","40.725413","-74.052293"
"07/23/2008","AQS","340171003","3","29","ug/m3 SC","27","Jersey City Firehouse","1","100.0000","81102","PM10 Total 0-10um STP","35620","New York-Newark-Jersey City, NY-NJ-PA","34","New Jersey","017","Hudson","40.725413","-74.052293"
"07/29/2008","AQS","340171003","3","50","ug/m3 SC","46","Jersey City Firehouse","1","100.0000","81102","PM10 Total 0-10um STP","35620","New York-Newark-Jersey City, NY-NJ-PA","34","New Jersey","017","Hudson","40.725413","-74.052293"
"08/04/2008","AQS","340171003","3","13","ug/m3 SC","12","Jersey City Firehouse","1","100.0000","81102","PM10 Total 0-10um STP","35620","New York-Newark-Jersey City, NY-NJ-PA","34","New Jersey","017","Hudson","40.725413","-74.052293"
"08/10/2008","AQS","340171003","3","21","ug/m3 SC","19","Jersey City Firehouse","1","100.0000","81102","PM10 Total 0-10um STP","35620","New York-Newark-Jersey City, NY-NJ-PA","34","New Jersey","017","Hudson","40.725413","-74.052293"
"08/16/2008","AQS","340171003","3","16","ug/m3 SC","15","Jersey City Firehouse","1","100.0000","81102","PM10 Total 0-10um STP","35620","New York-Newark-Jersey City, NY-NJ-PA","34","New Jersey","017","Hudson","40.725413","-74.052293"
"08/22/2008","AQS","340171003","3","20","ug/m3 SC","19","Jersey City Firehouse","1","100.0000","81102","PM10 Total 0-10um STP","35620","New York-Newark-Jersey City, NY-NJ-PA","34","New Jersey","017","Hudson","40.725413","-74.052293"
"08/28/2008","AQS","340171003","3","29","ug/m3 SC","27","Jersey City Firehouse","1","100.0000","81102","PM10 Total 0-10um STP","35620","New York-Newark-Jersey City, NY-NJ-PA","34","New Jersey","017","Hudson","40.725413","-74.052293"
"09/03/2008","AQS","340171003","3","18","ug/m3 SC","17","Jersey City Firehouse","1","100.0000","81102","PM10 Total 0-10um STP","35620","New York-Newark-Jersey City, NY-NJ-PA","34","New Jersey","017","Hudson","40.725413","-74.052293"
"09/09/2008","AQS","340171003","3","19","ug/m3 SC","18","Jersey City Firehouse","1","100.0000","81102","PM10 Total 0-10um STP","35620","New York-Newark-Jersey City, NY-NJ-PA","34","New Jersey","017","Hudson","40.725413","-74.052293"
"09/15/2008","AQS","340171003","3","13","ug/m3 SC","12","Jersey City Firehouse","1","100.0000","81102","PM10 Total 0-10um STP","35620","New York-Newark-Jersey City, NY-NJ-PA","34","New Jersey","017","Hudson","40.725413","-74.052293"
"09/27/2008","AQS","340171003","3","12","ug/m3 SC","11","Jersey City Firehouse","1","100.0000","81102","PM10 Total 0-10um STP","35620","New York-Newark-Jersey City, NY-NJ-PA","34","New Jersey","017","Hudson","40.725413","-74.052293"
"10/03/2008","AQS","340171003","3","31","ug/m3 SC","29","Jersey City Firehouse","1","100.0000","81102","PM10 Total 0-10um STP","35620","New York-Newark-Jersey City, NY-NJ-PA","34","New Jersey","017","Hudson","40.725413","-74.052293"
"10/09/2008","AQS","340171003","3","28","ug/m3 SC","26","Jersey City Firehouse","1","100.0000","81102","PM10 Total 0-10um STP","35620","New York-Newark-Jersey City, NY-NJ-PA","34","New Jersey","017","Hudson","40.725413","-74.052293"
"10/15/2008","AQS","340171003","3","21","ug/m3 SC","19","Jersey City Firehouse","1","100.0000","81102","PM10 Total 0-10um STP","35620","New York-Newark-Jersey City, NY-NJ-PA","34","New Jersey","017","Hudson","40.725413","-74.052293"
"10/21/2008","AQS","340171003","3","29","ug/m3 SC","27","Jersey City Firehouse","1","100.0000","81102","PM10 Total 0-10um STP","35620","New York-Newark-Jersey City, NY-NJ-PA","34","New Jersey","017","Hudson","40.725413","-74.052293"
"10/27/2008","AQS","340171003","3","15","ug/m3 SC","14","Jersey City Firehouse","1","100.0000","81102","PM10 Total 0-10um STP","35620","New York-Newark-Jersey City, NY-NJ-PA","34","New Jersey","017","Hudson","40.725413","-74.052293"
"11/02/2008","AQS","340171003","3","11","ug/m3 SC","10","Jersey City Firehouse","1","100.0000","81102","PM10 Total 0-10um STP","35620","New York-Newark-Jersey City, NY-NJ-PA","34","New Jersey","017","Hudson","40.725413","-74.052293"
"11/08/2008","AQS","340171003","3","16","ug/m3 SC","15","Jersey City Firehouse","1","100.0000","81102","PM10 Total 0-10um STP","35620","New York-Newark-Jersey City, NY-NJ-PA","34","New Jersey","017","Hudson","40.725413","-74.052293"
"11/14/2008","AQS","340171003","3","8","ug/m3 SC","7","Jersey City Firehouse","1","100.0000","81102","PM10 Total 0-10um STP","35620","New York-Newark-Jersey City, NY-NJ-PA","34","New Jersey","017","Hudson","40.725413","-74.052293"
"11/20/2008","AQS","340171003","3","12","ug/m3 SC","11","Jersey City Firehouse","1","100.0000","81102","PM10 Total 0-10um STP","35620","New York-Newark-Jersey City, NY-NJ-PA","34","New Jersey","017","Hudson","40.725413","-74.052293"
"11/26/2008","AQS","340171003","3","10","ug/m3 SC","9","Jersey City Firehouse","1","100.0000","81102","PM10 Total 0-10um STP","35620","New York-Newark-Jersey City, NY-NJ-PA","34","New Jersey","017","Hudson","40.725413","-74.052293"
"12/02/2008","AQS","340171003","3","10","ug/m3 SC","9","Jersey City Firehouse","1","100.0000","81102","PM10 Total 0-10um STP","35620","New York-Newark-Jersey City, NY-NJ-PA","34","New Jersey","017","Hudson","40.725413","-74.052293"
"12/08/2008","AQS","340171003","3","10","ug/m3 SC","9","Jersey City Firehouse","1","100.0000","81102","PM10 Total 0-10um STP","35620","New York-Newark-Jersey City, NY-NJ-PA","34","New Jersey","017","Hudson","40.725413","-74.052293"
"12/14/2008","AQS","340171003","3","12","ug/m3 SC","11","Jersey City Firehouse","1","100.0000","81102","PM10 Total 0-10um STP","35620","New York-Newark-Jersey City, NY-NJ-PA","34","New Jersey","017","Hudson","40.725413","-74.052293"
"12/20/2008","AQS","340171003","3","8","ug/m3 SC","7","Jersey City Firehouse","1","100.0000","81102","PM10 Total 0-10um STP","35620","New York-Newark-Jersey City, NY-NJ-PA","34","New Jersey","017","Hudson","40.725413","-74.052293"
"12/26/2008","AQS","340171003","3","17","ug/m3 SC","16","Jersey City Firehouse","1","100.0000","81102","PM10 Total 0-10um STP","35620","New York-Newark-Jersey City, NY-NJ-PA","34","New Jersey","017","Hudson","40.725413","-74.052293"
"01/01/2008","AQS","340210008","2","11","ug/m3 SC","10","Trenton","1","100.0000","81102","PM10 Total 0-10um STP","45940","Trenton, NJ","34","New Jersey","021","Mercer","40.222411","-74.763167"
"01/07/2008","AQS","340210008","2","36","ug/m3 SC","33","Trenton","1","100.0000","81102","PM10 Total 0-10um STP","45940","Trenton, NJ","34","New Jersey","021","Mercer","40.222411","-74.763167"
"01/13/2008","AQS","340210008","2","5","ug/m3 SC","5","Trenton","1","100.0000","81102","PM10 Total 0-10um STP","45940","Trenton, NJ","34","New Jersey","021","Mercer","40.222411","-74.763167"
"01/19/2008","AQS","340210008","2","15","ug/m3 SC","14","Trenton","1","100.0000","81102","PM10 Total 0-10um STP","45940","Trenton, NJ","34","New Jersey","021","Mercer","40.222411","-74.763167"
"01/25/2008","AQS","340210008","2","10","ug/m3 SC","9","Trenton","1","100.0000","81102","PM10 Total 0-10um STP","45940","Trenton, NJ","34","New Jersey","021","Mercer","40.222411","-74.763167"
"01/31/2008","AQS","340210008","2","12","ug/m3 SC","11","Trenton","1","100.0000","81102","PM10 Total 0-10um STP","45940","Trenton, NJ","34","New Jersey","021","Mercer","40.222411","-74.763167"
"02/06/2008","AQS","340210008","2","22","ug/m3 SC","20","Trenton","1","100.0000","81102","PM10 Total 0-10um STP","45940","Trenton, NJ","34","New Jersey","021","Mercer","40.222411","-74.763167"
"02/12/2008","AQS","340210008","2","14","ug/m3 SC","13","Trenton","1","100.0000","81102","PM10 Total 0-10um STP","45940","Trenton, NJ","34","New Jersey","021","Mercer","40.222411","-74.763167"
"02/18/2008","AQS","340210008","2","11","ug/m3 SC","10","Trenton","1","100.0000","81102","PM10 Total 0-10um STP","45940","Trenton, NJ","34","New Jersey","021","Mercer","40.222411","-74.763167"
"02/24/2008","AQS","340210008","2","21","ug/m3 SC","19","Trenton","1","100.0000","81102","PM10 Total 0-10um STP","45940","Trenton, NJ","34","New Jersey","021","Mercer","40.222411","-74.763167"
"03/01/2008","AQS","340210008","2","13","ug/m3 SC","12","Trenton","1","100.0000","81102","PM10 Total 0-10um STP","45940","Trenton, NJ","34","New Jersey","021","Mercer","40.222411","-74.763167"
"03/07/2008","AQS","340210008","2","14","ug/m3 SC","13","Trenton","1","100.0000","81102","PM10 Total 0-10um STP","45940","Trenton, NJ","34","New Jersey","021","Mercer","40.222411","-74.763167"
"03/13/2008","AQS","340210008","2","16","ug/m3 SC","15","Trenton","1","100.0000","81102","PM10 Total 0-10um STP","45940","Trenton, NJ","34","New Jersey","021","Mercer","40.222411","-74.763167"
"03/19/2008","AQS","340210008","2","12","ug/m3 SC","11","Trenton","1","100.0000","81102","PM10 Total 0-10um STP","45940","Trenton, NJ","34","New Jersey","021","Mercer","40.222411","-74.763167"
"03/25/2008","AQS","340210008","2","17","ug/m3 SC","16","Trenton","1","100.0000","81102","PM10 Total 0-10um STP","45940","Trenton, NJ","34","New Jersey","021","Mercer","40.222411","-74.763167"
"03/31/2008","AQS","340210008","2","12","ug/m3 SC","11","Trenton","1","100.0000","81102","PM10 Total 0-10um STP","45940","Trenton, NJ","34","New Jersey","021","Mercer","40.222411","-74.763167"
"04/06/2008","AQS","340210008","2","10","ug/m3 SC","9","Trenton","1","100.0000","81102","PM10 Total 0-10um STP","45940","Trenton, NJ","34","New Jersey","021","Mercer","40.222411","-74.763167"
"04/12/2008","AQS","340210008","2","17","ug/m3 SC","16","Trenton","1","100.0000","81102","PM10 Total 0-10um STP","45940","Trenton, NJ","34","New Jersey","021","Mercer","40.222411","-74.763167"
"04/18/2008","AQS","340210008","2","41","ug/m3 SC","38","Trenton","1","100.0000","81102","PM10 Total 0-10um STP","45940","Trenton, NJ","34","New Jersey","021","Mercer","40.222411","-74.763167"
"04/24/2008","AQS","340210008","2","41","ug/m3 SC","38","Trenton","1","100.0000","81102","PM10 Total 0-10um STP","45940","Trenton, NJ","34","New Jersey","021","Mercer","40.222411","-74.763167"
"04/30/2008","AQS","340210008","2","18","ug/m3 SC","17","Trenton","1","100.0000","81102","PM10 Total 0-10um STP","45940","Trenton, NJ","34","New Jersey","021","Mercer","40.222411","-74.763167"
"05/06/2008","AQS","340210008","2","29","ug/m3 SC","27","Trenton","1","100.0000","81102","PM10 Total 0-10um STP","45940","Trenton, NJ","34","New Jersey","021","Mercer","40.222411","-74.763167"
"05/12/2008","AQS","340210008","2","18","ug/m3 SC","17","Trenton","1","100.0000","81102","PM10 Total 0-10um STP","45940","Trenton, NJ","34","New Jersey","021","Mercer","40.222411","-74.763167"
"05/18/2008","AQS","340210008","2","17","ug/m3 SC","16","Trenton","1","100.0000","81102","PM10 Total 0-10um STP","45940","Trenton, NJ","34","New Jersey","021","Mercer","40.222411","-74.763167"
"05/24/2008","AQS","340210008","2","16","ug/m3 SC","15","Trenton","1","100.0000","81102","PM10 Total 0-10um STP","45940","Trenton, NJ","34","New Jersey","021","Mercer","40.222411","-74.763167"
"05/30/2008","AQS","340210008","2","34","ug/m3 SC","31","Trenton","1","100.0000","81102","PM10 Total 0-10um STP","45940","Trenton, NJ","34","New Jersey","021","Mercer","40.222411","-74.763167"
"06/05/2008","AQS","340210008","2","20","ug/m3 SC","19","Trenton","1","100.0000","81102","PM10 Total 0-10um STP","45940","Trenton, NJ","34","New Jersey","021","Mercer","40.222411","-74.763167"
"06/11/2008","AQS","340210008","2","25","ug/m3 SC","23","Trenton","1","100.0000","81102","PM10 Total 0-10um STP","45940","Trenton, NJ","34","New Jersey","021","Mercer","40.222411","-74.763167"
"06/17/2008","AQS","340210008","2","21","ug/m3 SC","19","Trenton","1","100.0000","81102","PM10 Total 0-10um STP","45940","Trenton, NJ","34","New Jersey","021","Mercer","40.222411","-74.763167"
"06/23/2008","AQS","340210008","2","44","ug/m3 SC","41","Trenton","1","100.0000","81102","PM10 Total 0-10um STP","45940","Trenton, NJ","34","New Jersey","021","Mercer","40.222411","-74.763167"
"06/29/2008","AQS","340210008","2","29","ug/m3 SC","27","Trenton","1","100.0000","81102","PM10 Total 0-10um STP","45940","Trenton, NJ","34","New Jersey","021","Mercer","40.222411","-74.763167"
"07/05/2008","AQS","340210008","2","43","ug/m3 SC","40","Trenton","1","100.0000","81102","PM10 Total 0-10um STP","45940","Trenton, NJ","34","New Jersey","021","Mercer","40.222411","-74.763167"
"07/11/2008","AQS","340210008","2","24","ug/m3 SC","22","Trenton","1","100.0000","81102","PM10 Total 0-10um STP","45940","Trenton, NJ","34","New Jersey","021","Mercer","40.222411","-74.763167"
"07/17/2008","AQS","340210008","2","36","ug/m3 SC","33","Trenton","1","100.0000","81102","PM10 Total 0-10um STP","45940","Trenton, NJ","34","New Jersey","021","Mercer","40.222411","-74.763167"
"07/23/2008","AQS","340210008","2","24","ug/m3 SC","22","Trenton","1","100.0000","81102","PM10 Total 0-10um STP","45940","Trenton, NJ","34","New Jersey","021","Mercer","40.222411","-74.763167"
"07/29/2008","AQS","340210008","2","50","ug/m3 SC","46","Trenton","1","100.0000","81102","PM10 Total 0-10um STP","45940","Trenton, NJ","34","New Jersey","021","Mercer","40.222411","-74.763167"
"08/04/2008","AQS","340210008","2","24","ug/m3 SC","22","Trenton","1","100.0000","81102","PM10 Total 0-10um STP","45940","Trenton, NJ","34","New Jersey","021","Mercer","40.222411","-74.763167"
"08/10/2008","AQS","340210008","2","28","ug/m3 SC","26","Trenton","1","100.0000","81102","PM10 Total 0-10um STP","45940","Trenton, NJ","34","New Jersey","021","Mercer","40.222411","-74.763167"
"08/16/2008","AQS","340210008","2","25","ug/m3 SC","23","Trenton","1","100.0000","81102","PM10 Total 0-10um STP","45940","Trenton, NJ","34","New Jersey","021","Mercer","40.222411","-74.763167"
"08/22/2008","AQS","340210008","2","29","ug/m3 SC","27","Trenton","1","100.0000","81102","PM10 Total 0-10um STP","45940","Trenton, NJ","34","New Jersey","021","Mercer","40.222411","-74.763167"
"08/28/2008","AQS","340210008","2","32","ug/m3 SC","30","Trenton","1","100.0000","81102","PM10 Total 0-10um STP","45940","Trenton, NJ","34","New Jersey","021","Mercer","40.222411","-74.763167"
"09/03/2008","AQS","340210008","2","38","ug/m3 SC","35","Trenton","1","100.0000","81102","PM10 Total 0-10um STP","45940","Trenton, NJ","34","New Jersey","021","Mercer","40.222411","-74.763167"
"09/09/2008","AQS","340210008","2","35","ug/m3 SC","32","Trenton","1","100.0000","81102","PM10 Total 0-10um STP","45940","Trenton, NJ","34","New Jersey","021","Mercer","40.222411","-74.763167"
"09/15/2008","AQS","340210008","2","28","ug/m3 SC","26","Trenton","1","100.0000","81102","PM10 Total 0-10um STP","45940","Trenton, NJ","34","New Jersey","021","Mercer","40.222411","-74.763167"
"09/21/2008","AQS","340210008","2","39","ug/m3 SC","36","Trenton","1","100.0000","81102","PM10 Total 0-10um STP","45940","Trenton, NJ","34","New Jersey","021","Mercer","40.222411","-74.763167"
"09/27/2008","AQS","340210008","2","31","ug/m3 SC","29","Trenton","1","100.0000","81102","PM10 Total 0-10um STP","45940","Trenton, NJ","34","New Jersey","021","Mercer","40.222411","-74.763167"
"10/03/2008","AQS","340210008","2","33","ug/m3 SC","31","Trenton","1","100.0000","81102","PM10 Total 0-10um STP","45940","Trenton, NJ","34","New Jersey","021","Mercer","40.222411","-74.763167"
"10/09/2008","AQS","340210008","2","38","ug/m3 SC","35","Trenton","1","100.0000","81102","PM10 Total 0-10um STP","45940","Trenton, NJ","34","New Jersey","021","Mercer","40.222411","-74.763167"
"10/15/2008","AQS","340210008","2","38","ug/m3 SC","35","Trenton","1","100.0000","81102","PM10 Total 0-10um STP","45940","Trenton, NJ","34","New Jersey","021","Mercer","40.222411","-74.763167"
"10/21/2008","AQS","340210008","2","45","ug/m3 SC","42","Trenton","1","100.0000","81102","PM10 Total 0-10um STP","45940","Trenton, NJ","34","New Jersey","021","Mercer","40.222411","-74.763167"
"12/02/2008","AQS","340210008","2","8","ug/m3 SC","7","Trenton","1","100.0000","81102","PM10 Total 0-10um STP","45940","Trenton, NJ","34","New Jersey","021","Mercer","40.222411","-74.763167"
"12/14/2008","AQS","340210008","2","14","ug/m3 SC","13","Trenton","1","100.0000","81102","PM10 Total 0-10um STP","45940","Trenton, NJ","34","New Jersey","021","Mercer","40.222411","-74.763167"
"12/20/2008","AQS","340210008","2","9","ug/m3 SC","8","Trenton","1","100.0000","81102","PM10 Total 0-10um STP","45940","Trenton, NJ","34","New Jersey","021","Mercer","40.222411","-74.763167"
